-- phpMyAdmin SQL Dump
-- version 5.2.1
-- https://www.phpmyadmin.net/
--
-- Host: 127.0.0.1
-- Generation Time: Jun 10, 2025 at 09:48 PM
-- Server version: 10.4.32-MariaDB
-- PHP Version: 8.2.12

SET SQL_MODE = "NO_AUTO_VALUE_ON_ZERO";
START TRANSACTION;
SET time_zone = "+00:00";


/*!40101 SET @OLD_CHARACTER_SET_CLIENT=@@CHARACTER_SET_CLIENT */;
/*!40101 SET @OLD_CHARACTER_SET_RESULTS=@@CHARACTER_SET_RESULTS */;
/*!40101 SET @OLD_COLLATION_CONNECTION=@@COLLATION_CONNECTION */;
/*!40101 SET NAMES utf8mb4 */;

--
-- Database: `db8`
--

DELIMITER $$
--
-- Procedures
--
CREATE DEFINER=`root`@`localhost` PROCEDURE `GetJenisTerseringPerMahasiswa` ()   BEGIN
    SELECT 
        nim,
        nama,
        jenis_sampah,
        jumlah_kemunculan
    FROM (
        SELECT 
            m.nim,
            m.nama,
            j.nama_jenis AS jenis_sampah,
            COUNT(*) AS jumlah_kemunculan,
            RANK() OVER (PARTITION BY m.id ORDER BY COUNT(*) DESC) AS ranking
        FROM detail_laporan dl
        JOIN laporan_sampah ls ON dl.laporan_id = ls.id
        JOIN email e ON ls.email_id = e.id
        JOIN mahasiswa m ON e.mahasiswa_id = m.id
        JOIN jenis j ON dl.jenis_id = j.id
        GROUP BY m.id, j.id
    ) AS ranked
    WHERE ranking = 1
    ORDER BY nama;
END$$

CREATE DEFINER=`root`@`localhost` PROCEDURE `GetPersentase` ()   BEGIN
    DECLARE total_semua_laporan INT;

    -- Hitung total laporan dari semua mahasiswa
    SELECT COUNT(ls.id) INTO total_semua_laporan
    FROM laporan_sampah ls;

    -- Tampilkan nim, nama, total laporan, dan persentase
    SELECT 
        m.nim,
        m.nama,
        COUNT(ls.id) AS total_laporan,
        ROUND((COUNT(ls.id) / total_semua_laporan) * 100, 2) AS persentase_laporan
    FROM laporan_sampah ls
    JOIN email e ON ls.email_id = e.id
    JOIN mahasiswa m ON e.mahasiswa_id = m.id
    GROUP BY m.id
    ORDER BY total_laporan DESC;
END$$

CREATE DEFINER=`root`@`localhost` PROCEDURE `GetSampahPerBulan` ()   BEGIN
    SELECT 
        m.nim,
        m.nama,
        j.nama_jenis AS jenis_sampah,
        MONTH(ls.submit_date) AS bulan_ke,
        SUM(dl.quantity) AS total_quantity
    FROM detail_laporan dl
    JOIN laporan_sampah ls ON dl.laporan_id = ls.id
    JOIN email e ON ls.email_id = e.id
    JOIN mahasiswa m ON e.mahasiswa_id = m.id
    JOIN jenis j ON dl.jenis_id = j.id
    GROUP BY m.id, j.id, MONTH(ls.submit_date)
    ORDER BY m.nama, bulan_ke;
END$$

CREATE DEFINER=`root`@`localhost` PROCEDURE `GetSampahPerMinggu` ()   BEGIN
    SELECT 
        m.nim,
        m.nama,
        j.nama_jenis AS jenis_sampah,
        WEEK(ls.submit_date) AS minggu_ke,
        SUM(dl.quantity) AS total_quantity
    FROM detail_laporan dl
    JOIN laporan_sampah ls ON dl.laporan_id = ls.id
    JOIN email e ON ls.email_id = e.id
    JOIN mahasiswa m ON e.mahasiswa_id = m.id
    JOIN jenis j ON dl.jenis_id = j.id
    GROUP BY m.id, j.id, WEEK(ls.submit_date)
    ORDER BY m.nama, minggu_ke;
END$$

CREATE DEFINER=`root`@`localhost` PROCEDURE `GetSampahWeekend` ()   BEGIN
    SELECT 
        j.nama_jenis AS jenis_sampah,
        SUM(dl.quantity) AS total_quantity,
        s.nama_satuan AS satuan
    FROM detail_laporan dl
    JOIN laporan_sampah ls ON dl.laporan_id = ls.id
    JOIN jenis j ON dl.jenis_id = j.id
    JOIN satuan s ON dl.satuan_id = s.id
    WHERE DAYOFWEEK(ls.submit_date) IN (1, 7) 
    GROUP BY j.id, s.id
    ORDER BY total_quantity DESC;
END$$

CREATE DEFINER=`root`@`localhost` PROCEDURE `GetTopMahasiswa` ()   BEGIN
    SELECT 
        m.nim,
        m.nama,
        COUNT(ls.id) AS total_laporan
    FROM laporan_sampah ls
    JOIN email e ON ls.email_id = e.id
    JOIN mahasiswa m ON e.mahasiswa_id = m.id
    GROUP BY m.id
    ORDER BY total_laporan DESC
    LIMIT 3;
END$$

CREATE DEFINER=`root`@`localhost` PROCEDURE `GetTotalPerJenisPerMahasiswa` ()   BEGIN
    SELECT 
        m.nim,
        m.nama,
        j.nama_jenis AS jenis_sampah,
        SUM(dl.quantity) AS total_quantity
    FROM detail_laporan dl
    JOIN laporan_sampah ls ON dl.laporan_id = ls.id
    JOIN email e ON ls.email_id = e.id
    JOIN mahasiswa m ON e.mahasiswa_id = m.id
    JOIN jenis j ON dl.jenis_id = j.id
    GROUP BY m.id, j.id
    ORDER BY m.nama;
END$$

CREATE DEFINER=`root`@`localhost` PROCEDURE `GetTotalSampahPerMahasiswa` ()   BEGIN
    SELECT 
        m.nim,
        m.nama,
        SUM(dl.quantity) AS total_sampah
    FROM detail_laporan dl
    JOIN laporan_sampah ls ON dl.laporan_id = ls.id
    JOIN email e ON ls.email_id = e.id
    JOIN mahasiswa m ON e.mahasiswa_id = m.id
    GROUP BY m.id
    ORDER BY total_sampah DESC;
END$$

DELIMITER ;

-- --------------------------------------------------------

--
-- Table structure for table `detail_laporan`
--

CREATE TABLE `detail_laporan` (
  `id` int(11) NOT NULL,
  `laporan_id` int(11) NOT NULL,
  `keterangan` varchar(255) DEFAULT NULL,
  `jenis_id` int(11) NOT NULL,
  `quantity` decimal(10,2) NOT NULL,
  `satuan_id` int(11) NOT NULL
) ENGINE=InnoDB DEFAULT CHARSET=utf8mb4 COLLATE=utf8mb4_general_ci;

--
-- Dumping data for table `detail_laporan`
--

INSERT INTO `detail_laporan` (`id`, `laporan_id`, `keterangan`, `jenis_id`, `quantity`, `satuan_id`) VALUES
(1, 1, 'kayu bekas lemari dan rak yg sudah rusak', 2, 4000.00, 1),
(2, 2, 'Sampah bungkus snack', 1, 13.00, 5),
(3, 3, 'Sampah kotak nasi', 18, 5.00, 2),
(4, 4, 'Sampah Plastik', 1, 4.00, 2),
(5, 5, 'Sampah kemasan 3 minuman susu', 18, 3.00, 2),
(6, 5, 'Sampah kemasan minuman isotonik', 1, 1.00, 2),
(7, 6, 'sampah sisa makanan buah', 7, 80.00, 1),
(8, 6, 'sampah sisa makanan nasi', 4, 120.00, 1),
(9, 6, 'sampah sisa makanan tulang', 4, 100.00, 1),
(10, 7, 'Sampah bekas masak dan saudara', 19, 2000.00, 1),
(11, 8, 'Jumlah sampah tidak begitu meningkatkan dikarenakan lebih banyak yang memilih minum menggunakan gelas', 1, 7.00, 2),
(12, 9, 'sampah meningkat setelah ada pembagian Tunjangan Hari Raya di rumah', 5, 16.00, 2),
(13, 10, 'Sisa makanan lebaran hari pertama dan kedua', 4, 2.00, 5),
(14, 11, 'lebaran hari ke 1 banyak tamu yang berkunjung sehingga disediakan cup mineral untuk para tamu.', 1, 76.00, 2),
(15, 12, 'sampah kresek plastik', 1, 1.00, 2),
(16, 12, 'Sampah plastik botol minum', 1, 6.00, 2),
(17, 13, 'jumlah sampah tudak terlalu banyak, sampah tersebut merupakan sampah daun pisang bekas membungkus ketupat.', 6, 4.00, 2),
(18, 14, 'Hari pertama saat acara lebaran', 6, 7.00, 2),
(19, 15, 'Hari pertama saat acara lebaran (Botol plastik)', 1, 2.00, 2),
(20, 15, 'Hari pertama saat acara lebaran (kotak susu)', 18, 1.00, 2),
(21, 15, 'Hari pertama saat acara lebaran (bungkus snack)', 1, 3.00, 2),
(22, 16, 'sampah hari pertama idul fitri', 6, 1.00, 5),
(23, 17, '7 /botol air minum mineral 220ml', 1, 7.00, 2),
(24, 17, '4 /air kaleng 330ml hari pertama idul fitri', 8, 4.00, 2),
(25, 18, 'Botol yang dikumpulkan sepanjangan perjalanan mudik serta saat kerumah sodara', 1, 10.00, 2),
(26, 18, 'Cup plastik yang dikumpulkan sepanjangan perjalanan mudik serta saat kerumah sodara', 1, 12.00, 2),
(27, 19, 'Plastik bekas makan malam', 1, 1.00, 2),
(28, 19, 'Nasi kertas bekas makan malam', 5, 2.00, 2),
(29, 20, 'sampah bekas bungkusan makanan fastfood', 3, 6.00, 2),
(30, 21, 'Sampah dari tamu karena banyak pengunjuk ketika lebaran', 1, 7.00, 2),
(31, 22, 'sampah air mineral cup ini sangat meningkat karena ada banyak tamu yang datang ke rumah ketika lebaran', 1, 13.00, 2),
(32, 23, 'Banyak sampah dari ketupat karena sering digunakan untuk mewadahi ketupat ketika lebaran', 6, 3.00, 2),
(33, 24, 'sampah dari amplop thr', 5, 6.00, 2),
(34, 25, 'banyak sampah cangkang pisang karena banyak tamu lebaran yang makan pisang', 7, 11.00, 2),
(35, 26, 'banyak sampah botol yakult karena di rumah nge stok minuman yakult dan banyak tamu yang minum yakult', 1, 14.00, 2),
(36, 27, 'sampah bekas snack yang sudah habis', 8, 5.00, 2),
(37, 28, 'beisis beberapa bungkus bekas jajanan seperti ciki', 1, 3.00, 2),
(38, 28, 'beisis beberapa bungkus bekas jajanan seperti permen', 1, 7.00, 2),
(39, 29, 'Daun pisang bekas makan siang', 7, 4.00, 2),
(40, 30, 'Sampah plastik makanan dari minimarket', 1, 3.00, 2),
(41, 30, 'Sampah stik eskrim dari minimarket', 2, 3.00, 2),
(42, 31, 'sampah botol hari kedua lebaran tamu datang', 1, 8.00, 2),
(43, 32, 'Sampah bekas makanan yang menggunakan kemasan styrofoam', 9, 6.00, 2),
(44, 33, 'Sampah minuman sehari-hari', 8, 1.00, 2),
(45, 34, 'sampah bekas minuman kemasan yang sulit di daur ulang karena terbuat dari plastik yang jumlahnya ada 9 buah', 1, 9.00, 2),
(46, 35, 'sampah kulit buah yang lumayan banyak', 7, 1000.00, 1),
(47, 36, 'Sampah rumah kardus kecil', 3, 1.00, 2),
(48, 36, 'Sampah rumah botol plastik', 1, 1.00, 2),
(49, 36, 'Sampah rumah plastik makanan', 1, 1.00, 2),
(50, 37, 'Sampah rumah', 4, 1000.00, 1),
(51, 38, 'Sampah bekas makan kerang', 4, 1000.00, 1),
(52, 39, 'beberapa botol bekas perjalanan mudik sekeluarga', 1, 12.00, 2),
(53, 40, 'hari ketiga, sampah cup gelas dari tamu berdatangan', 1, 2.00, 2),
(54, 40, 'hari ketiga, sampah botol kaleng dari tamu berdatangan', 8, 2.00, 2),
(55, 40, 'hari ketiga, sampah snack kaleng dari tamu berdatangan', 8, 2.00, 2),
(56, 41, 'hari ke-empat, masih sama sampah air cup dari tamu datanga dan sampah dari rumah', 1, 7.00, 2),
(57, 41, 'hari ke-empat, masih sama sampah botol kaleng dari tamu datanga dan sampah dari rumah', 8, 6.00, 2),
(58, 42, 'Berisi kertas kertas koran bekas tuker kado', 5, 1.00, 5),
(59, 43, 'sampah bekas memotong\" untuk membuat kerajinan properti kegiatan', 3, 250.00, 1),
(60, 44, 'Sampah dari rumah', 1, 5.00, 2),
(61, 45, 'Sisa makan siang di rumah', 4, 2000.00, 1),
(62, 46, 'Sampah kemasan mie instan', 1, 6.00, 2),
(63, 47, 'sampah cup, tamu berdatangan', 1, 5.00, 2),
(64, 47, 'sampah botol, tamu berdatangan', 1, 3.00, 2),
(65, 47, 'sampah kemasan teh kotak, tamu berdatangan', 18, 4.00, 2),
(66, 48, 'sampah kulit jeruk', 7, 2.00, 2),
(67, 49, 'Sampah botol air dalam beberapa hari', 1, 3.00, 2),
(68, 50, 'Botol bekas minuman manis', 1, 5.00, 2),
(69, 51, 'Sampah makanan saat bepergian', 1, 7.00, 2),
(70, 52, 'sampah kresek plastik', 1, 1.00, 2),
(71, 52, '7 botol minum', 1, 1.00, 2),
(72, 53, 'sampah makanan kemasan', 1, 5.00, 2),
(73, 54, 'Sampah bungkus makanan daun pisang dari rumah', 6, 20.00, 4),
(74, 55, 'Botol plastik kemasan minuman', 1, 2.00, 2),
(75, 56, 'Sampah anorganik rumah tangga', 1, 2.00, 5),
(76, 57, 'Sampah organik sisa makanan', 4, 1.00, 5),
(77, 58, 'sampah kemasan air minum kaleng', 8, 4.00, 2),
(78, 58, 'sampah kemasan air minum gelas', 1, 4.00, 2),
(79, 59, 'sampah kresek plastik', 1, 1.00, 2),
(80, 59, 'Sampah anorganik (plastik) rumah tangga', 1, 3.00, 2),
(81, 60, 'Sampah organik sisa makanan', 4, 1.00, 5),
(82, 61, 'sampah bungkus makanan', 1, 3.00, 2),
(83, 61, 'sampah bungkus plastik kresek', 1, 1.00, 2),
(84, 62, 'Sisa makan siang', 4, 1000.00, 1),
(85, 63, 'sampah plastik yang dihasilkan terlalu banyak dan sulit terurai', 1, 4.00, 2),
(86, 63, 'Toples dari sisa kue-kue kering', 1, 1.00, 2),
(87, 64, 'sampah kemasan air mineral gelas', 1, 3.00, 2),
(88, 64, 'sampah kemasan minuman kaleng', 8, 3.00, 2),
(89, 64, 'sampah kemasan air botol', 1, 2.00, 2),
(90, 64, 'sampah kemasan snack', 1, 4.00, 2),
(91, 65, 'sisa makanan', 4, 1.00, 5),
(92, 66, 'sampah plastik yang dihasilkan terlalu banyak dan sulit terurai', 1, 2000.00, 1),
(93, 67, 'sampah tersebut dapat terurai meskipun jumlahnya banyak.', 4, 1000.00, 1),
(94, 68, 'jika sampah tersebut di hancurkan dapat terurai dengan baik dan dapat di daur ulang', 5, 80.00, 4),
(95, 69, 'sampah tusuk sate tersebut jumlahnya terlalu banyak', 2, 50.00, 2),
(96, 70, '', 4, 6.00, 2),
(97, 71, 'Lebaran', 6, 7.00, 2),
(98, 72, '', 3, 2.00, 2),
(99, 73, '', 1, 5.00, 2),
(100, 74, 'sampah plastik mika', 1, 4.00, 2),
(101, 75, 'sampah tusuk sate', 2, 10.00, 2),
(102, 76, 'jumlah sampah banyak karena dirumah nenek sedang banyak tamu', 1, 2000.00, 1),
(103, 77, 'sampah botol plastik banyak di hari pertama lebaran', 1, 2.00, 2),
(104, 78, 'sampah 5 botol plastik', 1, 5.00, 2),
(105, 78, 'sampah 7 gelas plastik', 1, 7.00, 2),
(106, 78, 'sampah 4 plastik', 1, 4.00, 2),
(107, 79, 'botol bekas', 1, 1.00, 2),
(108, 80, '', 9, 3.00, 2),
(109, 81, '', 7, 200.00, 1),
(110, 82, 'kantong kresek', 1, 4.00, 2),
(111, 83, 'gelas kaca pecah', 11, 1.00, 2),
(112, 84, 'bungkus snack', 1, 1.00, 2),
(113, 85, 'bungkus bekas tissue', 1, 1.00, 2),
(114, 86, 'kemasan bekas coklat', 1, 2.00, 2),
(115, 87, 'botol bekas teh pucuk', 1, 2.00, 2),
(116, 88, 'Bersih-bersih dapur, sampah botol kaca', 11, 7.00, 2),
(117, 89, 'banyak kardus sampah aqua bekas idul fitri', 3, 4.00, 2),
(118, 90, 'kemasan berupa plastik bekas coklat', 1, 2.00, 2),
(119, 91, 'botol minuman terkumpul banyak karena idul fitri', 1, 5.00, 2),
(120, 92, '', 4, 300.00, 1),
(121, 93, '5 plastik kresek', 1, 5.00, 2),
(122, 94, 'bungkus mie', 1, 20.00, 1),
(123, 94, 'bungkus kopi', 1, 20.00, 1),
(124, 95, 'botol bekas teh pucuk', 1, 2.00, 2),
(125, 96, 'sampah botol minum', 1, 3.00, 2),
(126, 97, '', 8, 1.00, 2),
(127, 98, 'Sampah sisa makanan', 4, 1.00, 5),
(128, 99, 'sampah kertas', 5, 1.00, 4),
(129, 99, 'sampah plastik', 1, 1.00, 2),
(130, 100, 'botol bekas teh pucuk', 1, 2.00, 2),
(131, 101, '', 1, 2.00, 2),
(132, 102, '', 9, 3.00, 2),
(133, 103, '', 4, 100.00, 1),
(134, 104, 'kemasan plastik bekas chiki', 1, 5.00, 2),
(135, 105, 'Sampah sisa makanan', 4, 1.00, 5),
(136, 106, 'Galon plastik', 1, 1.00, 2),
(137, 107, 'plastik bekas mie instan', 1, 3.00, 2),
(138, 108, 'plastik pembungkus', 1, 3.00, 5),
(139, 108, 'sampah kresek', 1, 3.00, 5),
(140, 109, '', 1, 1.00, 2),
(141, 110, 'banyak kaleng minuman yang terdapat dari rumah', 8, 4.00, 2),
(142, 111, 'Sampah cangkang ketupat ini cukup banyak didapatkan karena bertepatan dengan hari raya idul fitri yg identik dengan ketupat', 6, 15.00, 2),
(143, 112, 'sampah minuman kemasan', 1, 3.00, 2),
(144, 113, 'lumayan banyak karna tamu berkunjung lebaran', 8, 17.00, 2),
(145, 114, 'tamu berkunjung, sampah air cup mineral 240ml', 1, 12.00, 2),
(146, 115, 'kemasan air plastik 240ml, cukup banyak karna open house lebaran', 1, 29.00, 2),
(147, 116, 'sampah sisa makanan', 4, 1.00, 5),
(148, 116, 'sampah bahan masakan', 19, 1.00, 5),
(149, 117, 'Sampah sehari-hari, 2 bungkus mie', 1, 2.00, 2),
(150, 118, 'makanan sisa seperti buah dan sayur bagian tidak terpakai', 4, 700.00, 1),
(151, 119, 'jumlah sampah banyak di karenakan lebaran kedua', 9, 15.00, 2),
(152, 120, 'sampah cup air mineral, jumlah banyak di karenakan tamu yang berdatangan saat hari raya idul fitri', 1, 20.00, 2),
(153, 121, 'sampah air putih kemasan', 1, 13.00, 2),
(154, 122, '', 9, 8.00, 2),
(155, 123, '', 1, 10.00, 2),
(156, 124, 'cup bekas minum jus', 1, 3.00, 2),
(157, 125, 'botol kaleng 320ml, tamu lebaran', 8, 3.00, 2),
(158, 126, 'botol plastik bekas tamu lebaran minum', 1, 2.00, 2),
(159, 127, 'kulit durian', 7, 2.00, 2),
(160, 128, 'sampah plastik mie', 1, 5.00, 2),
(161, 129, 'kardus bekas tanaman bambu kecil', 3, 4.00, 2),
(162, 130, 'Sampah sisa makanan', 4, 1.00, 5),
(163, 131, 'sampah bungkus mie', 1, 2.00, 2),
(164, 132, 'sampah botol minum', 1, 2.00, 2),
(165, 133, 'Sampah sisa makanan', 4, 1.00, 5),
(166, 134, 'sampah cup air mineral bekas minum lebaran ke rumah keluarga', 1, 5.00, 2),
(167, 135, 'sampah plastik banyak karena masih banyak kedatangan tamu', 1, 457.00, 1),
(168, 136, 'sampah banyak karena membuat berbagai hidangan', 1, 1567.00, 1),
(169, 137, '1 buah kulit semangka', 7, 1.00, 2),
(170, 138, 'sampah kardus pizza', 3, 4.00, 2),
(171, 139, 'botol minuman plastik bekas perjalanan', 1, 7.00, 2),
(172, 140, 'daun kelapa bekas lebaran', 6, 5.00, 2),
(173, 141, 'bekas bungkus mie instan', 1, 1.00, 2),
(174, 142, 'bekas botol minuman air mineral', 1, 2.00, 2),
(175, 143, 'sampah berkurang karena berkurangnya penggunaan plastik makanan maupun minuman', 1, 103.00, 1),
(176, 144, 'berat dikarenakan terdapat banyak tulang kaki sapi', 4, 1043.00, 1),
(177, 145, 'Plastik bekas chiki', 1, 4.00, 2),
(178, 146, 'Daun pisang bekas makanan basah', 6, 6.00, 2),
(179, 147, 'sampah bekas kemasan makanan', 1, 47.00, 1),
(180, 148, 'sampah bekas makanan, seperti sisaan kulit buah yang tidak digunakan', 7, 65.00, 1),
(181, 148, 'sampah bekas makanan, seperti sisaan sayur yang tidak digunakan', 17, 300.00, 1),
(182, 149, 'Akumulasi sampah organik selama 3 hari', 4, 5.00, 5),
(183, 150, 'Akumulasi sampah anorganik selama 3 hari', 1, 7.00, 2),
(184, 151, 'sampah bekas bungkus makanan', 1, 1.00, 5),
(185, 152, 'sisa makanan', 4, 1.00, 5),
(186, 153, 'bekas minuman botol air mineral', 1, 2.00, 2),
(187, 154, '10 botol plastik', 1, 10.00, 2),
(188, 155, '', 4, 6.00, 5),
(189, 156, 'plastik bekas bakso', 1, 4.00, 2),
(190, 157, 'botol bekas minuman', 1, 2.00, 2),
(191, 158, 'Sudah pulang ke kos jadi sampah hanya sedikit', 4, 1.00, 5),
(192, 159, 'sampah kresek', 1, 1.00, 2),
(193, 159, 'sampah botol plastik 330ml, botol nipis madu hijau', 1, 3.00, 2),
(194, 160, 'hanya ada sedikit sampah plastik', 1, 31.00, 1),
(195, 161, 'hanya ada sedikit sisa sisa makanan', 4, 127.00, 1),
(196, 162, 'sampah plastik', 1, 1.00, 2),
(197, 162, 'sampah kertas', 5, 1.00, 5),
(198, 163, 'Lebaran ada kegiatan makan buah rambutan bersama.', 7, 1.00, 5),
(199, 163, 'Lebaran ada kegiatan makan buah rambutan bersama.', 6, 1.00, 5),
(200, 163, 'Lebaran ada kegiatan makan buah rambutan bersama.', 4, 1.00, 5),
(201, 164, 'aqua gelas plastik ukuran 220 ml', 1, 7.00, 2),
(202, 165, 'sampah kresek', 1, 3.00, 2),
(203, 166, 'sampah minuman kemasan botol plastik ukuran 300ml', 1, 2.00, 2),
(204, 167, 'sampah minuman kemasan 220ml', 1, 6.00, 2),
(205, 168, 'Sampah saun bekas lontong dan ketupat saat hari lebaran', 6, 2.00, 2),
(206, 169, 'pergi ke rumah saudara, banyak minum air mineral gelas', 1, 6.00, 2),
(207, 170, 'pergi ke rumah saudara, makan', 9, 7.00, 2),
(208, 171, 'bungkus biskuit', 1, 4.00, 2),
(209, 172, 'janur kuning sampah dari ketupat', 6, 300.00, 1),
(210, 173, 'aqua gelas plastik 220 ml', 1, 5.00, 2),
(211, 174, 'Sampah plastik bekas bungkus makanan', 1, 8.00, 2),
(212, 175, 'sampah daun bekas bungkus makanan', 6, 1.00, 5),
(213, 176, 'sampah daun pisang, bekas makan nasi lontong', 6, 8.00, 4),
(214, 177, 'Botol Plastik ukuran 220ml', 1, 8.00, 2),
(215, 178, 'sampah daun pisang, bekas lontong', 6, 10.00, 4),
(216, 179, 'sampah plastik beli baso', 1, 3.00, 2),
(217, 180, 'plastik sisa bungkus makanan', 1, 5.00, 2),
(218, 181, 'sampah tusuk sate, makan sate bersama keluarga', 2, 66.00, 2),
(219, 182, 'sampah gelas 200ml bekas aqua gelas', 1, 4.00, 2),
(220, 183, 'sampah kertas makan, bekas makan', 5, 3.00, 4),
(221, 184, 'sampah gelas aqua plastik isi 220 ml', 1, 6.00, 2),
(222, 185, 'Sampah bekas bungkus makanan', 1, 4.00, 2),
(223, 186, 'mangkok kertas, Bekas tempat makan acara keluarga', 5, 35.00, 2),
(224, 187, 'Ada tamu datang berkunjung', 1, 20.00, 2),
(225, 188, 'kertas nasi, Bekas bungkus makan', 5, 11.00, 4),
(226, 189, 'sampah botol plastik 330ml, botol nipis madu hijau', 1, 1.00, 2),
(227, 190, 'sampah kresek', 1, 1.00, 2),
(228, 190, 'sampah anorganik campuran, bungkus mie instan', 1, 4.00, 2),
(229, 191, 'sampah buah rambutan', 6, 14.00, 2),
(230, 192, 'Hasil pemilahan sampah botol plastik yang sudah terkumpul dari seminggu setelah lebaran', 1, 17.00, 2),
(231, 193, 'Hasil pemilahan seminggu setelah lebaran, banyak karena sudah berhari-hari tamu datang ke rumah, sampah Cup plastik Air Mineral (Anorganik)', 1, 30.00, 2),
(232, 194, 'Sampah bekas bungkus makanan', 1, 7.00, 2),
(233, 195, 'sampah 2 kertas minyak (bungkus makanan)', 5, 1.00, 4),
(234, 195, 'sampah 1 kantong kresek', 1, 1.00, 2),
(235, 195, 'sampah 1 kemasan snack', 1, 1.00, 2),
(236, 196, 'gelas plastik minuman seperti teh/jus', 1, 1.00, 2),
(237, 197, 'kotak kardus bekas kemasan makanan', 3, 1.00, 2),
(238, 198, 'Sampah bungkus makanan kertas nasi', 5, 1.00, 4),
(239, 199, 'Sampah meningkat setelah acara Lebaran, banyak saudara datang. Botol Fanta 4 buah dari konsumsi saudara yang hadir', 1, 4.00, 2),
(240, 200, 'Botol Fanta 1L', 1, 8.00, 2),
(241, 201, 'daun kelapa bekas ketupat', 6, 6.00, 2),
(242, 202, 'Botol botol bekas minuman yang dikumpulkan hari ke 2 lebaran dari rumah saudara', 1, 10.00, 2),
(243, 203, 'bungkus plastik bekas dari kue-kue', 1, 2.00, 2),
(244, 204, 'Ada acara makan-makan, yang dimana daun pisang digunakan untuk membungkus nasinya', 6, 5.00, 4),
(245, 205, 'sampah botol air mineral 24 buah', 1, 24.00, 2),
(246, 205, 'sampah botol fanta', 1, 17.00, 2),
(247, 205, 'akumulasi 3 hari setelah lebaran, sampah botol minuman berkarbonasi coca cola', 1, 20.00, 2),
(248, 206, 'sampah yang terkumpul hari ini merupakan sampah berupa bungkus snack dan jajanan ringan', 1, 160.00, 1),
(249, 207, 'Kantong plastik bekas belanjaan yang akan dikumpulkan di bank sampah terdekat untuk diolah menjadi kerajinan', 1, 17.00, 2),
(250, 208, 'sampah cup plastik bekas dari membeli ice cream dan minuman', 1, 2.00, 2),
(251, 209, 'Bekas bolu makanan', 3, 3.00, 2),
(252, 210, 'sampah bungkus makanan ringan', 1, 3.00, 2),
(253, 211, 'Daun kelapa bekas kupat yang masih tersisa', 6, 6.00, 2),
(254, 212, 'Kardus bekas dari paket', 3, 1.00, 2),
(255, 213, 'Plastik bubble wrap bekas paket', 1, 3.00, 2),
(256, 214, 'Botol bekas minyak dan minuman yang dikumpulkan dari rumah', 1, 9.00, 2),
(257, 215, 'Toples plastik bekas wafer kue', 1, 4.00, 2),
(258, 216, 'Plastik bekas bungkus barang', 1, 2.00, 2),
(259, 217, 'Kardus bekas yang sudah tidak terpakai', 3, 1.00, 2),
(260, 218, 'sampah Kemasan air mineral', 1, 17.00, 2),
(261, 218, 'sampah kemasan teh botol sosro karton', 18, 8.00, 2),
(262, 218, 'sampah kemasan kopi', 1, 7.00, 2),
(263, 219, 'sampah plastik berupa sarung tangan plastik', 1, 20.00, 1),
(264, 219, 'sampah tissue', 13, 5.00, 4),
(265, 219, 'sampah tulang ayam', 4, 50.00, 1),
(266, 219, 'sampah botol air mineral', 1, 1.00, 2),
(267, 220, 'Plastik mika bekas bungkus jajanan', 1, 6.00, 4),
(268, 221, 'Bungkus sterofoam bekas jajanan', 9, 4.00, 2),
(269, 222, 'bungkus kemasan, plastik yang sudah tidak terpakai', 1, 100.00, 1),
(270, 223, 'sampah dapur rumah tangga', 19, 85.00, 1),
(271, 224, 'Bungkus paket, plastik, yang sudah tidak terpakai', 1, 4.00, 2),
(272, 225, 'minuman aqua ukuran sedang', 1, 3.00, 2),
(273, 226, 'Sampah bungkus makanan', 1, 105.00, 1),
(274, 227, 'sampah kaleng kue lebaran', 8, 5.00, 2),
(275, 227, 'sampah Kemasan Kue Kering Lebaran', 1, 10.00, 2),
(276, 228, 'sampah air mineral, hari pertama lebaran, banyak tamu', 1, 60.00, 2),
(277, 229, 'lebaran pertama lumayan banyak sampah dari tamu yang hadir', 1, 14.00, 2),
(278, 230, 'botol sirup buat tamu jadi cuma 2', 11, 2.00, 2),
(279, 231, 'Lumayan banyak karena dihari pertama lebaran ini bnyk tamu yang datang terutma saudara', 1, 30.00, 2),
(280, 232, 'cuma pilah 2 buah saja dari bekas minum tamu yang datang', 8, 2.00, 2),
(281, 233, 'Sampah Air mineral cup, dikarenakan dipake untuk minum oleh tamu', 1, 5.00, 2),
(282, 234, 'Bahan untuk Buka Bersama', 8, 3.00, 2),
(283, 235, 'sampah bungkus makanan, cemilan setelah buka bersama', 1, 9.00, 2),
(284, 236, 'sisa makanan pagi dan siang', 4, 2.00, 5),
(285, 237, 'sampah plastik bekas dari lauk yang disimpen lalu dipanasin', 1, 6.00, 2),
(286, 238, 'Sampah Air mineral cup,Dikarenakan galon dirumah habis', 1, 10.00, 2),
(287, 239, 'Bekas yupi dari makanan lebaran', 1, 14.00, 2),
(288, 240, 'kresek plastik bekas belanjaan', 1, 4.00, 2),
(289, 241, 'jumlah sampah sedikit karena hanya air mineral cadangan', 1, 5.00, 2),
(290, 242, 'jumlah sampah dapur lumayan banyak, karena sedang kumpul keluarga', 19, 1000.00, 1),
(291, 243, 'Sampah air mineral cup rekap 2 hari ,dikarenakan tidak ada galon dirumah', 1, 27.00, 2),
(292, 244, 'Sampah Susu kotak', 18, 4.00, 2),
(293, 245, 'Sampah botol fanta, sudah lumayan sedikit karna frekuensi bertamu sudah mulai sedikit', 1, 2.00, 2),
(294, 246, 'sampah sisa makanan', 4, 1.00, 5),
(295, 246, 'sampah kotoran hewan', 12, 1.00, 5),
(296, 247, 'bekas kemasan susu', 1, 3.00, 2),
(297, 247, 'bekas kemasan pasir kucing', 1, 1.00, 2),
(298, 248, 'sampah kemasan tisu', 1, 1.00, 2),
(299, 248, 'sampah kemasan kapas bekas pakai', 1, 1.00, 2),
(300, 249, 'sampah kresek', 1, 3.00, 2),
(301, 249, 'sampah tissue', 13, 12.00, 4),
(302, 249, 'sampah plastik makanan', 1, 10.00, 2),
(303, 249, 'sampah botol minuman', 1, 5.00, 2),
(304, 250, 'Sampah kertas nasi ,bekas abis makanan nasi uduk', 5, 6.00, 4),
(305, 250, 'Sampah kertas nasi kuning 1 bungkus ada 2 kertas', 5, 2.00, 4),
(306, 251, 'Sampah Sereal cup ,bekas sarapan pagi', 1, 2.00, 2),
(307, 252, 'Sampah bekas cemilan', 1, 4.00, 2),
(308, 253, 'kemasan jajanan, bekas belanja cemilan di indomaret', 1, 3.00, 2),
(309, 253, 'kemasan botol, bekas belanja cemilan di indomaret', 1, 1.00, 2),
(310, 254, 'sampah cup plastik, masih ada tamu yang datang', 1, 10.00, 2),
(311, 255, 'sampah bungkus permen, Lumayan banyak plastik karena bnyk yg makan permen hari ini', 1, 14.00, 2),
(312, 256, 'kardus bekas pempek dan makanan lainnya', 3, 4.00, 2),
(313, 257, 'mangkok kertas karton bekas bakso', 18, 6.00, 2),
(314, 258, 'Sampah kotoran ikan', 12, 350.00, 1),
(315, 259, 'hari pertama di kos, setelah lebaran', 1, 10.00, 2),
(316, 260, 'Sudah mulai sedikit karena bukan dalam masa ramdahan lagi', 1, 6.00, 2),
(317, 261, 'Air mineral aqua', 1, 3.00, 2),
(318, 262, 'Setelah hari raya banyak anak anak berkumpul dirumah dan membawa makanan ringan', 1, 13.00, 2),
(319, 263, 'Bungkus dari makanan saat lebaran', 1, 23.00, 2),
(320, 264, 'Tisu Bekas Makanan di Hari Lebaran', 13, 22.00, 4),
(321, 265, 'Banyak meminum dalam kemasan cup di hari lebaran.', 1, 11.00, 2),
(322, 266, 'pemilihan dari sampah di rumah sendiri', 1, 14.00, 2),
(323, 267, 'plastik bekas belanjaan', 1, 5.00, 2),
(324, 268, 'sampah sisa tamu dan orang dirumah', 1, 7.00, 2),
(325, 269, 'Sisa bekas makanan saat lebaran, seperti cangkang telur, kulit ketupat, kulit buah, tulang sop', 4, 2000.00, 1),
(326, 270, 'Sampah gelas plastik bekas minum', 1, 20.00, 2),
(327, 271, 'Dalam perjalanan', 1, 3.00, 2),
(328, 272, 'Berkunjung ke rumah saudara', 1, 18.00, 2),
(329, 273, 'Sisa makanan seperti tulang ayam', 4, 1.00, 5),
(330, 273, 'Sisa makanan seperti sambel', 4, 1.00, 5),
(331, 274, 'Sampah bekas memasak makanan', 1, 3.00, 2),
(332, 275, 'Sampah bekas makanan sehari-hari', 1, 2.00, 2),
(333, 276, 'sampah kemasan minuman botol plastik 1 L', 1, 4.00, 2),
(334, 277, 'sampah anorganik', 1, 6.00, 2),
(335, 278, 'sampah sampah yang ada dirumah', 1, 12.00, 2),
(336, 279, 'Sampah bungkus makanan sehari-hari', 1, 4.00, 2),
(337, 280, 'Sampah minuman sehari-hari', 1, 7.00, 2),
(338, 281, 'sampah sisa makanan', 4, 1.00, 5),
(339, 282, '', 1, 2.00, 2),
(340, 283, 'sampah bahan masakan', 19, 300.00, 1),
(341, 283, 'Sampah sisa dari makanan', 4, 700.00, 1),
(342, 284, 'Sampah bungkus makanan ringan seperti kerupuk dan biskuit', 1, 12.00, 2),
(343, 285, 'kardus bekas packing\"', 3, 5.00, 2),
(344, 286, 'bekas orang orang dirumah', 1, 5.00, 2),
(345, 287, 'bekas makanan', 9, 2.00, 2),
(346, 288, 'sampah plastik dari bungkus bakso dan juga plastik minyak(sampah anorganik)', 1, 5.00, 2),
(347, 289, '', 8, 1.00, 2),
(348, 290, 'sampah botol plastik', 1, 7.00, 2),
(349, 291, 'sampah sisa makanan', 4, 1.00, 5),
(350, 292, 'sampah kulit telur', 19, 200.00, 1),
(351, 292, 'sampah kulit buah', 7, 300.00, 1),
(352, 292, 'sampah sayuran', 17, 500.00, 1),
(353, 293, 'Kotak bekas sereal', 3, 2.00, 2),
(354, 294, 'Sampah sehari hari', 1, 4.00, 2),
(355, 295, 'Sampah makanan bekas sehari-hari, kulit pisang', 7, 3.00, 2),
(356, 296, 'sampah sampah bekas org rumah', 1, 10.00, 2),
(357, 297, 'botol 1L bekas fanta', 1, 2.00, 2),
(358, 298, 'Jumlah sampah relatif sedikit', 4, 1000.00, 1),
(359, 299, 'sisa makanan, tulang ikan', 4, 2.00, 2),
(360, 299, 'sisa makanan tulang entog', 4, 2.00, 2),
(361, 300, 'sampah botol plastik', 1, 3.00, 2),
(362, 301, 'Bungkus makanan dari pedagang', 1, 5.00, 2),
(363, 302, 'sampah kardus bekas barang\"', 3, 4.00, 2),
(364, 303, 'sampah bekas orang orang di rumah', 1, 15.00, 2),
(365, 304, '3 sampah plastik', 1, 3.00, 2),
(366, 304, '12 sampah tusuk sate', 2, 12.00, 2),
(367, 305, 'sampah sisa tulang ayam', 4, 400.00, 1),
(368, 305, 'sampah kulit telur', 19, 400.00, 1),
(369, 305, 'sampah sayur bekas', 17, 400.00, 1),
(370, 305, 'sampah kulit buah', 7, 400.00, 1),
(371, 305, 'sampah biji buah', 4, 400.00, 1),
(372, 306, 'sampah bungkus mie', 1, 6.00, 2),
(373, 306, 'sampah bungkus sabun cuci', 1, 2.00, 2),
(374, 306, 'sampah bungkus shampo sachet', 1, 8.00, 2),
(375, 307, 'sampah daur ulang', 1, 3000.00, 1),
(376, 308, 'Sampah bungkus makanan', 1, 31.00, 2),
(377, 309, 'sampah toples pecah (kaca)', 11, 1000.00, 1),
(378, 310, 'sampah bungkus mie', 1, 5.00, 2),
(379, 310, 'sampah plastik barang', 1, 2.00, 2),
(380, 310, 'sampah bungkus tanggo', 1, 1.00, 2),
(381, 311, 'sampah kulit buah', 7, 1.00, 5),
(382, 311, 'sampah kulit ubi', 7, 1.00, 5),
(383, 312, 'sampah botol plastik, memilah yg ada didalam rumah', 1, 5.00, 2),
(384, 313, 'sampah botol plastik, Keluarga berkunjung ke kos', 1, 6.00, 2),
(385, 314, '', 8, 2.00, 2),
(386, 315, '', 1, 12.00, 2),
(387, 316, 'sampah biasa, botol minum', 1, 3000.00, 1),
(388, 317, 'karna tidak dirumah seharian ini banyak berkunjung ke rumah saudara jadi tidak terlalu banyak sampah yang dibuang', 1, 23.00, 2),
(389, 318, 'cangkang telur', 19, 3.00, 2),
(390, 319, 'memperbaiki yang sebelumnya', 1, 23.00, 2),
(391, 319, 'memperbaiki yang sebelumnya', 5, 5.00, 4),
(392, 319, 'memperbaiki yang sebelumnya', 13, 7.00, 4),
(393, 320, 'Kotak makanan dari resto yang digunakan untuk perjalanan di kereta', 1, 3.00, 2),
(394, 321, '', 1, 2.00, 2),
(395, 322, 'Gabungan dengan hari kemarin', 1, 28.00, 2),
(396, 323, 'Kantong plastik belanja dari 5 toko', 1, 5.00, 2),
(397, 324, 'sampah plastik, Karna masih jalan jalan ke rumah lain jadi tidak banyak buang sampah', 1, 9.00, 2),
(398, 325, 'Hari hari biasa, sampah plastik', 1, 8.00, 2),
(399, 325, 'Hari hari biasa, sampah tisu', 13, 3.00, 2),
(400, 325, 'Hari hari biasa, sampah kapas', 15, 2.00, 2),
(401, 326, '', 1, 5.00, 2),
(402, 327, 'sampah kardus bekas', 3, 3.00, 2),
(403, 328, 'Hari biasa tanggal 6 April, sampah bungkus kopi ABC', 1, 5.00, 2),
(404, 328, 'Hari biasa tanggal 6 April, sampah tisu', 13, 3.00, 2),
(405, 328, 'Hari biasa tanggal 6 April, sampah bungkus plastik', 1, 3.00, 2),
(406, 329, 'Tissue digunakan untuk membersihkan sebagian besar perabot rumah', 13, 14.00, 4),
(407, 330, 'Karna dirumah saja sampah tidak banyak', 13, 3.00, 4),
(408, 331, 'plastik kemasan bakso, ukuran 10x20', 1, 1.00, 2),
(409, 332, 'Sisa makanan di rumah', 4, 1000.00, 1),
(410, 333, 'Sampah tempat minuman pada hari ini', 1, 3.00, 2),
(411, 334, 'Kardus Paket', 3, 4.00, 2),
(412, 335, 'Pelastik Bungkus Paket', 1, 4.00, 2),
(413, 336, 'bungkus makanan ringan', 1, 3.00, 2),
(414, 337, 'Plastik bekas makanan', 1, 9.00, 2),
(415, 338, 'sampah bungkus makanan hari ini, sampah kresek bekas makan', 1, 1.00, 2),
(416, 338, 'sampah sarung tangan plastik', 1, 20.00, 1),
(417, 338, 'sampah botol minuman plastik', 1, 100.00, 1),
(418, 339, 'sampah botol plastik', 1, 27.00, 1),
(419, 339, 'sampah kresek', 1, 1.00, 2),
(420, 339, 'sampah plastik', 1, 14.00, 1),
(421, 340, 'Sampah sisa makanan (jagung)', 4, 3.00, 2),
(422, 341, 'sisa makanan tulang ayam', 4, 100.00, 1),
(423, 341, 'sisa makanan lainnya', 4, 67.00, 1),
(424, 342, 'Botol plastik bekas air minum kemasan 330ml', 1, 1.00, 2),
(425, 343, 'sampah kotak kardus', 3, 1.00, 2),
(426, 344, 'Kemasan plastik bungkus mie instan', 1, 2.00, 2),
(427, 345, 'bersih-bersih setelah kedatangan tamu, sampah botol plastik', 1, 11.00, 2),
(428, 346, '2 Styrofoam lunch box', 9, 2.00, 2),
(429, 346, '1 paper bowl', 18, 1.00, 2),
(430, 346, '2 botol minum', 1, 2.00, 2),
(431, 347, 'kemasan plastik bekas permen', 1, 5.00, 2),
(432, 348, '', 1, 1.00, 2),
(433, 349, '', 1, 6.00, 2),
(434, 350, 'sampah kertas nasi', 5, 2.00, 4),
(435, 351, 'Sampah plastik bekas tempat makanan', 1, 1.00, 2),
(436, 352, 'Sampah botol fanta bekas minuman sisa acara', 1, 2.00, 2),
(437, 353, 'sampah bekas minum selama 5 hari, botol minum 1500ml', 1, 5.00, 2),
(438, 354, 'sampah bekas snack', 1, 4.00, 5),
(439, 355, 'sampah air mineral 220ml', 1, 3.00, 2),
(440, 356, 'sampah kertas nasi bungkus bekas makanan', 5, 1.00, 4),
(441, 357, 'Plastik bekas membungkus makanan', 1, 5.00, 2),
(442, 358, 'Kardus bekas wadah barang dan hampers', 3, 8.00, 2),
(443, 359, 'Botol plastik bekas minuman kemasan', 1, 9.00, 2),
(444, 360, 'Botol kaca bekas sirup abc', 11, 1.00, 2),
(445, 361, '', 4, 50.00, 1),
(446, 362, 'sampah botol bekas', 1, 2.00, 2),
(447, 363, 'sampah kertas pembungkus', 5, 2.00, 4),
(448, 364, 'sampah botol mineral 1,5L', 1, 1.00, 2),
(449, 365, 'sampah bungkus kresek', 1, 1.00, 2),
(450, 365, 'sampah kapas bekas pemakaian', 13, 1.00, 5),
(451, 365, 'sampah tisu bekas pemakaian', 15, 1.00, 5),
(452, 366, 'sampah karton kotak makanan', 18, 2.00, 2),
(453, 367, 'sampah botol kaca', 11, 4.00, 2),
(454, 368, 'kebanyakan sampah bekas makanan kemasan', 1, 24.00, 1),
(455, 369, 'kebanyakan sisa makanan nasi yang memamng tidak digunakan atau tidak bisa dikonsumsi', 4, 30.00, 1),
(456, 369, 'kebanyakan sisa makanan kulit buah yang memamng tidak digunakan atau tidak bisa dikonsumsi', 7, 10.00, 1),
(457, 369, 'kebanyakan sisa makanan sayur yang memamng tidak digunakan atau tidak bisa dikonsumsi', 17, 13.00, 1),
(458, 370, 'hari kedua di kosan after liburan', 1, 8.00, 2),
(459, 371, 'Plastik untuk bungkus makanan, makanan ringan', 1, 5.00, 2),
(460, 372, 'Lunch box yang sudah tidak dipakai lagi', 3, 3.00, 2),
(461, 373, '', 1, 2.00, 2),
(462, 374, '', 9, 1.00, 2),
(463, 375, '', 1, 6.00, 2),
(464, 376, 'karena ditinggal selama 2 hari menjadi basi, jadi terbuang makanan nya.', 4, 200.00, 1),
(465, 377, 'karena ditinggal selama 2 hari, menjadi basi maka dari itu makanan nya terbuang.', 4, 200.00, 1),
(466, 378, 'sampah gelas minuman air mineral 200ml', 1, 1.00, 2),
(467, 379, '1 botol aqua bekas 600 ml', 1, 1.00, 2),
(468, 379, '2 kantong kresek', 1, 2.00, 2),
(469, 379, '1 kotak nasi kardus', 3, 1.00, 2),
(470, 379, '1 plastik', 1, 1.00, 2),
(471, 380, 'Bungkus sampo', 1, 2.00, 2),
(472, 380, 'bungkus makanan', 1, 1.00, 2),
(473, 380, 'kantong plastik', 1, 1.00, 2),
(474, 380, 'bungkus sambel', 1, 1.00, 2),
(475, 381, 'botol plastik bekas minuman', 1, 8.00, 2),
(476, 382, 'kertas nasi bekas makanan', 5, 4.00, 4),
(477, 383, 'sampah plastik bekas kresek kebab', 1, 70.00, 1),
(478, 383, 'sampah plastik bekas bungkus indomie', 1, 60.00, 1),
(479, 383, 'sampah plastik kresek bekas belanjaan', 1, 1.00, 2),
(480, 384, 'Hari biasa di kosan', 1, 6.00, 2),
(481, 384, 'Hari biasa di kosan', 13, 6.00, 4),
(482, 385, 'Lagi buat omlete mie, sampah bumbu mie', 19, 5.00, 2),
(483, 386, 'sisa buah buahan', 7, 2.00, 5),
(484, 387, 'sampah kresek', 1, 3.00, 2),
(485, 387, 'sampah sampah plastik yang dikumpulkan di kantong sampah ukuran sedang', 1, 3.00, 5),
(486, 388, 'Sampah tisu bekas mengelap', 13, 7.00, 4),
(487, 389, 'Sampah bekas cemilan', 1, 3.00, 5),
(488, 390, 'Cup bekas minuman', 1, 5.00, 2),
(489, 391, 'sampah organik tusuk sate 1 porsi yang terbuat dari bambu', 2, 10.00, 2),
(490, 392, 'Botol bekas minuman', 1, 3.00, 2),
(491, 393, 'Sampah bekas tempat makanan', 3, 2.00, 2),
(492, 394, 'Bungkus mie', 1, 3.00, 2),
(493, 395, 'plastik bekas jajanan', 1, 2.00, 2),
(494, 396, 'kulit pisang', 7, 4.00, 2),
(495, 397, 'sampah kantong plastik hasil beberes kamar', 1, 7.00, 2),
(496, 398, 'sampah dari saya sakit flu', 13, 420.00, 1),
(497, 399, 'kardus sandal', 3, 1.00, 2),
(498, 400, 'Kemasan plastik hasil dari tempat berkumpul', 1, 8.00, 2),
(499, 401, 'bungkus plastik bekas sereal', 1, 1.00, 2),
(500, 402, 'plastik snack', 1, 2.00, 2),
(501, 403, 'kardus bekas packing', 3, 8.00, 2),
(502, 404, 'Botol plastik bekas bekal minum', 1, 2.00, 2),
(503, 405, 'Nasi dan tulang', 4, 150.00, 1),
(504, 406, '', 1, 4.00, 2),
(505, 407, 'Makan bersama di luar', 5, 6.00, 4),
(506, 408, '', 1, 7.00, 2),
(507, 409, 'Buat ayam', 18, 7.00, 2),
(508, 410, 'Tatakan makan', 18, 1.00, 2),
(509, 411, 'Kertas pembungkus nasi', 1, 1.00, 2),
(510, 412, 'Botol minum', 1, 3.00, 2),
(511, 413, '', 4, 100.00, 1),
(512, 414, 'sampah plastik bubur instan', 1, 10.00, 1),
(513, 414, 'sampah bubble wrap', 1, 5.00, 1),
(514, 414, 'sampah kemasan makanan', 1, 4.00, 1),
(515, 415, 'kulit buah', 7, 28.00, 1),
(516, 416, 'Sampah dari bahan bahan masakan', 19, 100.00, 1),
(517, 417, 'Toples wafer bekas lebaran', 1, 4.00, 2),
(518, 418, 'kulit pisang yang ada di rumah', 7, 12.00, 2),
(519, 419, 'Streofom bekas makanan', 9, 3.00, 2),
(520, 420, 'terdapat 8 buah bungkus plastik', 1, 8.00, 2),
(521, 420, 'terdapat 1 buah cup minuman', 1, 1.00, 2),
(522, 421, 'kertas yg sudah menumpuk saya pilah', 5, 30.00, 4),
(523, 422, 'kertas nasi', 5, 2.00, 4),
(524, 423, 'sampah makanan sisa', 4, 1.00, 2),
(525, 424, 'sampah plastik bekas makanan', 1, 10.00, 2),
(526, 424, 'sampah kertas bekas makanan', 5, 5.00, 4),
(527, 425, 'Sterofoam bekas makanan', 9, 2.00, 2),
(528, 426, '1 gelas plastik besar', 1, 1.00, 2),
(529, 426, '1 kresek', 1, 1.00, 2),
(530, 426, '1 bungkus snack', 1, 1.00, 2),
(531, 426, '1 karton bungkus makanan', 18, 1.00, 2),
(532, 426, '1 kertas bungkus nasi', 5, 1.00, 2),
(533, 427, 'Sampah plastik dari makan siang dan makan malam', 1, 140.00, 1),
(534, 428, 'plastik kresek', 1, 1.00, 2),
(535, 428, 'plastik mie', 1, 2.00, 2),
(536, 428, 'plastik bungkus makanan', 1, 1.00, 2),
(537, 429, '', 1, 4.00, 2),
(538, 430, 'mengeringkan wajah + tangan, membersihkan meja + mulut', 13, 23.00, 4),
(539, 431, 'Sampah anorganik ini berasal dari bungkus makanan', 1, 4.00, 2),
(540, 432, 'sampah bungkus makanan, karena banyak membeli makanan instan jadi banyak sampah plastik', 1, 500.00, 1),
(541, 433, 'sampah bekas makan cookies', 3, 1.00, 2),
(542, 434, 'plastik kemasan mie', 1, 2.00, 5),
(543, 435, 'minuman kemasan botol', 1, 2.00, 2),
(544, 436, 'sampah daun kering hasil dari pohon yang di tanam di depan rumah yang terbawa angin dan berjatuhan.', 6, 250.00, 1),
(545, 437, 'cangkang telur untuk mie', 4, 4.00, 2),
(546, 438, 'kertas tiket nonton dan karcis parkir', 5, 3.00, 4),
(547, 439, 'bungkus kemasan saori saos tiram', 1, 1.00, 2),
(548, 440, '4 plastik untuk menyimpan (cengek, bawang bombay, kacang endul, leunca)', 1, 4.00, 2),
(549, 440, '2 kresek dikarenakan tempat sayur yang di beli berbeda.', 1, 2.00, 2),
(550, 441, 'kulit bekas bawang bombai', 4, 3.00, 2),
(551, 442, 'tisu dan kertas buram bekas kotretan', 5, 13.00, 4),
(552, 443, 'plastik bungkus mie', 1, 1.00, 2),
(553, 443, 'plastik bungkus snack', 1, 1.00, 2),
(554, 443, 'plastik bungkus permen', 1, 4.00, 2),
(555, 444, 'kemasan', 1, 6.00, 2),
(556, 445, 'Sampah bungkus plastik mie instan', 1, 1.00, 2),
(557, 446, 'Sampah bekas makan malam', 4, 4.00, 2),
(558, 447, 'Sampah bekas makan malam', 1, 1.00, 2),
(559, 448, 'Keponakan memakan beberap permen', 1, 6.00, 5),
(560, 449, 'kotak biskuit bekas lebaran', 3, 1.00, 2),
(561, 450, 'cangkang telur habis sarapan', 4, 2.00, 2),
(562, 451, 'pelastik beras berukuran 5 kg', 1, 1.00, 2),
(563, 452, 'Bungkus Makanan', 5, 3.00, 2),
(564, 453, 'Botol bekas air', 1, 5.00, 2),
(565, 454, 'sampah bungkus makanan keripik', 1, 5.00, 2),
(566, 455, 'Sampah +- 1 minggu di kosan', 1, 14.00, 2),
(567, 456, 'cangkang buah naga', 7, 1.00, 2),
(568, 457, 'kertas nasi', 5, 2.00, 4),
(569, 458, 'kantong plastik', 1, 2.00, 2),
(570, 459, 'botol plastik 1500 ml', 1, 1.00, 2),
(571, 460, 'tissue untuk mengeringkan wajah dan lain-lain', 13, 14.00, 4),
(572, 461, 'bekas kemasan kotak dus kue lapis', 18, 2.00, 2),
(573, 462, 'sampah sisa makanan (tulang,nasi)', 4, 200.00, 1),
(574, 463, 'cangkang telur bekas masak', 4, 3.00, 2),
(575, 464, 'sampah plastik, kresek, mangkok plastik', 1, 44.00, 1),
(576, 465, 'sisa sayuran', 17, 17.00, 1),
(577, 466, 'sampah bekas bungkus makanan', 1, 2.00, 2),
(578, 467, 'Sampah plastik', 1, 1.00, 2),
(579, 467, 'Sampah bungkus mie', 1, 1.00, 2),
(580, 467, 'Sampah bungkus sabun', 1, 2.00, 2),
(581, 467, 'Sampah bungkus sampo', 1, 1.00, 2),
(582, 467, 'Sampah tisu', 1, 10.00, 4),
(583, 468, 'Plastik bekas kopi', 1, 6.00, 2),
(584, 469, 'Plastik bekas sabun cuci', 1, 16.00, 2),
(585, 469, 'Plastik bekas pewangi', 1, 16.00, 2),
(586, 470, 'Botol minuman', 1, 2.00, 2),
(587, 471, '', 1, 10.00, 2),
(588, 472, '', 1, 2.00, 2),
(589, 473, '', 1, 5.00, 2),
(590, 474, 'botol minuman', 1, 2.00, 2),
(591, 475, 'bungkus permen', 1, 2.00, 2),
(592, 476, 'sisa makanan', 4, 1.00, 5),
(593, 477, 'bungkus snack', 1, 1.00, 2),
(594, 478, 'botol plastik bekas minuman', 1, 1.00, 2),
(595, 479, 'cangkang telur', 4, 4.00, 2),
(596, 480, 'sampah minuman kemasan sachet', 1, 1.00, 2),
(597, 481, 'kulit pisang', 7, 2.00, 2),
(598, 482, 'tisu', 13, 10.00, 4),
(599, 483, 'tisu', 13, 5.00, 4),
(600, 484, 'Sampah plastik berasal dari bungkusan kue', 1, 10.00, 2),
(601, 485, 'bungkus(berupa kertas) bekas roti', 5, 5.00, 2),
(602, 486, 'Bungkus plastik bekas kue-kue', 1, 5.00, 2),
(603, 487, 'plastik kresek', 1, 5.00, 2),
(604, 488, 'kemasan kardus minuman teh kotak', 3, 1.00, 2),
(605, 489, 'kemasan botol pelastik minuman mogu mogu', 1, 1.00, 2),
(606, 490, 'kresek seblak dan kresek indomaret', 1, 2.00, 2),
(607, 491, 'pelastik bungkus seblak', 1, 1.00, 2),
(608, 492, 'sampah daur ulang dari kemarin', 1, 3000.00, 1),
(609, 493, '-', 1, 5.00, 2),
(610, 494, 'Sampah plastik bungkus mie instan', 1, 2.00, 2),
(611, 495, 'plastik makanan', 1, 8.00, 1),
(612, 496, 'sisa sayuran', 17, 23.00, 1),
(613, 497, 'botol bekas air mineral', 1, 2.00, 2),
(614, 498, '', 1, 1.00, 2),
(615, 499, 'sampah bungkus makanan', 3, 1.00, 2),
(616, 500, 'Tusuk sate bekas makan siang', 2, 20.00, 2),
(617, 501, 'sampah sisa kupas buah buahan', 7, 200.00, 1),
(618, 502, 'sampah minuman botol', 1, 4.00, 2),
(619, 503, '', 1, 3.00, 2),
(620, 504, 'gelas plastik bekas minuman', 1, 2.00, 2),
(621, 505, 'Sampah bungkus makanan', 5, 3.00, 2),
(622, 506, 'Sampah tisu', 13, 5.00, 2),
(623, 506, 'Sampah sterofom bubur', 9, 4.00, 2),
(624, 506, 'sampah plastik', 1, 4.00, 2),
(625, 507, 'Sampah bekas makan tadi', 7, 2.00, 2),
(626, 508, 'Sampah bekas minuman energen', 1, 1.00, 5),
(627, 509, '', 8, 1.00, 2),
(628, 510, '', 1, 3.00, 2),
(629, 511, 'Bekas sampah kertas nasi', 5, 5.00, 4),
(630, 512, 'kertas nasi bekas makan', 10, 6.00, 2),
(631, 513, 'Toples makanan bekas lebaran', 1, 1.00, 2),
(632, 514, 'kresek, dan plastik bekas makan kupat tahu', 5, 3.00, 2),
(633, 515, 'kertas nasi bekas kupat tahu di pagi hari', 5, 2.00, 2),
(634, 516, 'kardus kemasan makanan gacoan', 3, 2.00, 2),
(635, 517, 'bungkus kertas', 10, 2.00, 2),
(636, 518, 'kotak fried chicken', 18, 3.00, 2),
(637, 518, 'tatakan minuman', 5, 1.00, 2),
(638, 519, 'cup ice cream', 18, 2.00, 2),
(639, 520, 'cup kertas minuman', 5, 2.00, 2),
(640, 521, 'bungkus nasi', 5, 2.00, 4),
(641, 522, 'tissue', 13, 29.00, 4),
(642, 523, 'cangkang telur', 4, 1.00, 2),
(643, 524, 'kertas nasi', 5, 2.00, 4),
(644, 525, 'gelas plastik bekas buah potong dan kopi', 1, 2.00, 2),
(645, 526, 'kantong kresek', 1, 3.00, 2),
(646, 527, 'tissue wajah untuk lap wajah dan lain lain', 13, 18.00, 4),
(647, 528, 'gelas plastik bekas kopi', 1, 1.00, 2),
(648, 529, 'kemasan chiki potato q', 1, 3.00, 2),
(649, 530, 'sampah bekas makan hari ini', 1, 132.00, 1),
(650, 531, 'sampah makanan', 4, 1000.00, 1),
(651, 532, '4 tusuk sate kecil bekas makan cilung', 2, 4.00, 2),
(652, 533, '2 plastik bening ukuran 10 x 20cm dan 2 keresek berukuran sedang', 1, 4.00, 2),
(653, 534, 'tisu', 13, 7.00, 4),
(654, 535, 'botol minuman', 1, 1.00, 2),
(655, 536, 'cangkang telur', 4, 2.00, 2),
(656, 537, 'kertas', 5, 2.00, 4),
(657, 538, 'cangkang telor', 4, 3.00, 2),
(658, 539, 'tissue', 13, 18.00, 4),
(659, 540, 'botol plastik', 1, 2.00, 2),
(660, 541, 'bungkus creambarth', 1, 1.00, 2),
(661, 542, 'bungkus mie goreng', 1, 1.00, 2),
(662, 543, 'Bungkus Makanan', 5, 1.00, 2),
(663, 544, 'bekas beli minuman', 1, 11.00, 2),
(664, 545, 'bubble wrap, plastik, botol minuman', 1, 16.00, 1),
(665, 546, 'sisa nasi', 4, 120.00, 1),
(666, 546, 'sisa sayur', 17, 100.00, 1),
(667, 546, 'sisa tulang ayam', 4, 117.00, 1),
(668, 547, '', 7, 8.00, 2),
(669, 548, 'bekas minuman botol', 1, 2.00, 2),
(670, 549, 'Plastik bekas membungkus makanan', 1, 8.00, 2),
(671, 550, 'Plastik bekas makanan', 1, 10.00, 2),
(672, 551, 'Sampah organik sehabis makan siang', 4, 120.00, 1),
(673, 552, 'Bungkus indomie', 1, 1.00, 2),
(674, 552, 'bungkus plastik', 1, 1.00, 2),
(675, 552, 'sampah tisu', 13, 5.00, 2),
(676, 553, 'sampah paket (kardus)', 3, 15.00, 1),
(677, 553, 'sampah paket (bubblewrap)', 1, 15.00, 1),
(678, 554, 'bungkus indomie', 1, 1.00, 2),
(679, 554, 'bungkus plastik', 1, 3.00, 2),
(680, 554, 'sampah tisu', 13, 6.00, 4),
(681, 555, 'Botol air mineral, kopi, dan isotonik', 1, 14.00, 2),
(682, 556, '1 sterofoam', 9, 1.00, 2),
(683, 556, '1 sendok plastik', 1, 1.00, 2),
(684, 556, '1 botol plastik', 1, 1.00, 2),
(685, 556, '3 kresek', 1, 3.00, 2),
(686, 556, '1 bungkus roti', 1, 1.00, 2),
(687, 556, '1 plastik', 1, 1.00, 2),
(688, 557, 'sisa buah', 7, 63.00, 1),
(689, 558, 'sampah kresek', 1, 1.00, 2),
(690, 558, 'sampah plastik botol', 1, 17.00, 1),
(691, 559, 'botol kaca uc100', 11, 1.00, 2),
(692, 560, 'sampah sisa makan (tulang dll)', 4, 100.00, 1),
(693, 561, 'Kemasan pelastik Indomie', 1, 1.00, 2),
(694, 562, 'Cangkang telur sehabis masak mie Instan', 4, 1.00, 2),
(695, 563, 'sampah wadah skincare yang habiss', 11, 4.00, 2),
(696, 564, 'Kemasan pelastik minuman Antre Susu', 1, 1.00, 2),
(697, 565, 'Styrofoam, akumulasi dengan hari-hari sebelumnya', 9, 7.00, 2),
(698, 566, 'Botol plastik minuman, akumulasi dengan hari sebelumnya', 1, 4.00, 2),
(699, 567, 'Cup plastik bekas minuman', 1, 2.00, 2),
(700, 568, 'Anorganik (pembungkus snack, bungkus kopi sachet, dan botol plastik)', 1, 127.00, 1),
(701, 569, 'Styrofoam bekas makanan', 9, 2.00, 2),
(702, 570, 'kantong plastik', 1, 6.00, 2),
(703, 571, 'tusuk sate', 2, 26.00, 2),
(704, 572, 'Sampah dari paket barang', 1, 3.00, 2),
(705, 573, 'hasil bersih-bersih lemari', 3, 7.00, 2),
(706, 574, 'sisa makan malam', 4, 117.00, 1),
(707, 575, 'Sampah bekas mengelap tangan', 13, 4.00, 4),
(708, 576, 'Sampah bekas bungkus makanan', 1, 2.00, 2),
(709, 577, 'sampah makanan', 4, 1000.00, 1),
(710, 578, 'sampah makanan dan kesek makanan', 1, 4.00, 2),
(711, 579, '', 1, 12.00, 2),
(712, 580, 'Bungkus makanan', 9, 1.00, 2),
(713, 581, 'Wadah makanan yang terbuat dari kardus', 3, 2.00, 2),
(714, 582, 'botol minum air mineral', 1, 3.00, 2),
(715, 583, 'bekas makan ricebowl', 5, 1.00, 2),
(716, 584, 'sampah kantong plastik', 1, 1.00, 2),
(717, 584, 'sampah botol', 1, 38.00, 1),
(718, 585, 'sisa nasi', 4, 39.00, 1),
(719, 585, 'sampah kulit buah', 7, 30.00, 1),
(720, 586, 'Bekas tempat makan', 5, 3.00, 2),
(721, 587, 'Bekas Ricebowl Odeng', 5, 7.00, 2),
(722, 588, 'sampah bekas makan siang (botol aqua)', 1, 2.00, 2),
(723, 588, 'sampah bekas makan siang (plastik)', 1, 1.00, 2),
(724, 588, 'sampah bekas makan siang (paper bowl)', 18, 1.00, 2),
(725, 588, 'sampah bekas makan siang (sterofoam)', 9, 1.00, 2),
(726, 589, 'Botol bekas minuman', 1, 6.00, 2),
(727, 590, 'Bekas makanan hari ini', 5, 55.00, 1),
(728, 590, 'Bekas makanan hari ini', 1, 60.00, 1),
(729, 591, 'Sampah botol plastik', 1, 4.00, 2),
(730, 592, 'sampah bekas membungkus makanan instan', 3, 2.00, 2),
(731, 593, 'Sampah tisu', 13, 14.00, 2),
(732, 593, 'Sampah plastik', 1, 1.00, 2),
(733, 593, 'Sampah bungkus mie', 1, 1.00, 2),
(734, 593, 'Sampah bungkus sabun cuci', 1, 1.00, 2),
(735, 594, 'Plastik kemasan makanan kue', 1, 3.00, 2),
(736, 595, 'kemasan plastik bungkus makanan', 1, 4.00, 2),
(737, 596, 'sampah di kosan', 1, 6.00, 2),
(738, 597, 'sampah di kos', 1, 4.00, 2),
(739, 598, 'Terdapat 3 botol air minum', 1, 3.00, 2),
(740, 598, 'Terdapat 1 kaleng kopi', 8, 1.00, 2),
(741, 599, 'botol plastik', 1, 2.00, 2),
(742, 600, 'cup plastik', 1, 1.00, 2),
(743, 601, 'botol minuman', 1, 2.00, 2),
(744, 602, 'plastik gorengan', 1, 6.00, 2),
(745, 603, 'Hari biasa, sampah plastik', 1, 13.00, 2),
(746, 603, 'Hari biasa, sampah kapas', 15, 10.00, 2),
(747, 603, 'Hari biasa, sampah tissue', 13, 13.00, 2),
(748, 604, 'cangkang telur', 19, 1.00, 2),
(749, 605, 'tissue di pake ngebersihin jus tumpah di baju dll (tidak ada lap kain)', 13, 28.00, 4),
(750, 606, 'cemilan sore, kulit pisang', 7, 3.00, 2),
(751, 606, 'cemilan sore, kulit jeruk', 7, 3.00, 2),
(752, 607, 'sampah plastik kresek', 1, 1.00, 2),
(753, 607, 'tisu bekas pemakaian', 13, 1.00, 5),
(754, 607, 'kapas bekas pemakaian', 15, 1.00, 5),
(755, 608, 'sampah botol plastik', 1, 3.00, 2),
(756, 609, '', 1, 6.00, 2),
(757, 610, 'bekas botol air le mineral', 1, 9.00, 2),
(758, 611, 'sampah kulit pisang', 7, 7.00, 2),
(759, 612, 'sampah kulit buah naga', 7, 3.00, 2),
(760, 613, 'sampah botol minuman aqua 600ml', 1, 2.00, 2),
(761, 614, 'styrofoam box makanan', 9, 1.00, 2),
(762, 615, 'sampah paket (box kardus)', 3, 1.00, 2),
(763, 615, 'sampah paket (bubblewrap)', 1, 1.00, 2),
(764, 616, 'sampah tulang ayam', 4, 40.00, 1),
(765, 616, 'sampah tulang ikan', 4, 30.00, 1),
(766, 616, 'sampah kulit buah', 7, 37.00, 1),
(767, 617, 'sampah plastik, sampah botol plastik', 1, 42.00, 1),
(768, 618, 'bekas tempat ice cream', 1, 3.00, 2),
(769, 619, 'sampah botol bekas', 1, 4.00, 2),
(770, 620, 'sampah plastik pembungkus', 1, 4.00, 2),
(771, 621, 'Wadah bekas dari kaleng', 8, 1.00, 2),
(772, 622, 'Sampah plastik dari perlengkapan alat tulis', 1, 2.00, 2),
(773, 623, 'botol plastik minuman kemasan 350ml', 1, 1.00, 2),
(774, 624, 'sampah botol susu', 1, 1.00, 2),
(775, 624, 'sampah minuman isotonik', 1, 1.00, 2),
(776, 624, 'sampah bungkus kopi', 1, 3.00, 2),
(777, 625, '1 buah styrofoam', 9, 1.00, 2),
(778, 626, 'bungkus dari bahan-bahan masakan', 19, 3.00, 2),
(779, 627, 'sampah dari kemarin', 1, 4000.00, 1),
(780, 628, '2 kertas nasi kuning', 5, 2.00, 4),
(781, 628, '1 kertas nasi katsu', 5, 1.00, 4),
(782, 629, 'bungkus kresek nasi kuning', 1, 1.00, 2),
(783, 629, 'bungkus kertas nasi kuning', 5, 1.00, 2),
(784, 629, 'bungkus plastik buat krupuk', 1, 1.00, 2),
(785, 630, 'sampah kemasan detergen', 1, 1.00, 2),
(786, 631, 'sampah bungkus makanan', 1, 2.00, 2),
(787, 632, 'sampah karton bekas makanan tadi siang', 18, 3.00, 2),
(788, 633, 'sampah rumahan', 13, 100.00, 1),
(789, 634, 'sampah buah jambu yg jatuh di halaman rumah', 6, 100.00, 1),
(790, 635, 'sampah bekas minuman', 1, 2.00, 2),
(791, 636, 'sampah buah jambu yg jatuh di halaman rumah', 6, 500.00, 1),
(792, 637, 'sampah bekas acara', 5, 10.00, 4),
(793, 638, 'sampah papercup, rumahan bungkus makanan', 5, 5.00, 2),
(794, 639, 'sampah dapur rumah tangga', 19, 1000.00, 1),
(795, 640, 'botol minuman air mineral', 1, 1.00, 2),
(796, 641, 'styrofoam box', 9, 2.00, 2),
(797, 642, 'sampah kertas bekas pemakaian', 5, 30.00, 4),
(798, 643, 'sampah plastik', 1, 20.00, 1),
(799, 643, 'sampah kresek', 1, 10.00, 1),
(800, 643, 'sampah botol minuman', 1, 14.00, 1),
(801, 644, 'Sampah kulit udang', 4, 100.00, 1),
(802, 644, 'Sampah sisa sayur', 17, 75.00, 1),
(803, 645, 'Sampah-sampah kecil kemudian di masukan ke kantong keresek dengan ukuran lumayan besar', 1, 3.00, 5),
(804, 646, 'Plastik sampah', 1, 1.00, 2),
(805, 646, 'sampah sterofoam bubur', 9, 1.00, 2),
(806, 646, 'sampah tisu', 13, 10.00, 2),
(807, 647, 'Sisa makanan pada saat siang hari', 4, 1000.00, 1),
(808, 648, 'sampah sisa memotong sayur', 17, 100.00, 1),
(809, 649, 'Sampah bekas mengelap tangan', 13, 3.00, 4),
(810, 650, 'Sampah bekas minuman energen', 1, 1.00, 2),
(811, 651, 'botol le mineral 1,5L', 1, 1.00, 2),
(812, 652, '17 April, teman berkunjung ke kos', 8, 1.00, 2),
(813, 653, '17-Apr', 1, 22.00, 2),
(814, 654, '17-Apr', 1, 4.00, 2),
(815, 655, 'sampah plastik bungkus makanan', 1, 5.00, 1),
(816, 656, 'Sampah plastik bekas makanan hari ini', 1, 1.00, 2),
(817, 656, 'Sampah bungkus mie instan bekas makanan hari ini', 1, 1.00, 2),
(818, 656, 'Sampah plastik pembungkus roti tawar bekas makanan hari ini', 1, 1.00, 2),
(819, 656, 'sampah sedotan', 1, 1.00, 2),
(820, 656, 'sampah karton bekas makanan hari ini', 18, 1.00, 2),
(821, 656, 'sampah karton teh kotak', 18, 1.00, 2),
(822, 657, 'Cup plastik bekas minuman', 1, 2.00, 2),
(823, 658, 'sampah plastik', 1, 1.00, 2),
(824, 658, 'sampah botol plastik', 1, 3.00, 2),
(825, 659, 'sampah kulit udang', 4, 50.00, 1),
(826, 659, 'sampah sisa sayuran', 17, 44.00, 1),
(827, 660, 'Sampah organik bekas makanan tulang ayam', 4, 200.00, 1),
(828, 661, 'botol minuman', 1, 11.00, 2),
(829, 662, 'tisu', 13, 41.00, 4),
(830, 663, 'sampah kantong plastik', 1, 1.00, 2),
(831, 663, 'tulang ayam', 4, 1.00, 5),
(832, 664, 'bungkus makanan ringan', 1, 1.00, 2),
(833, 665, 'cangkang telur', 19, 5.00, 2),
(834, 666, 'sampah kantong plastik', 1, 1.00, 2),
(835, 666, 'sisa makanan', 4, 1.00, 5),
(836, 667, 'sampah cemilan malam, kulit kacang', 7, 214.00, 1),
(837, 668, 'Plastik makanan', 1, 3.00, 2),
(838, 669, 'Sampah bekas makan pagi, sampah kulit pisang', 7, 3.00, 2),
(839, 670, 'Sampah bekas minuman tadi sore', 1, 2.00, 2),
(840, 671, 'Plastik bekas makanan', 1, 13.00, 2),
(841, 672, 'Botol bekas deterjen cair', 1, 2.00, 2),
(842, 672, 'Botol bekas pewangi', 1, 1.00, 2),
(843, 673, 'sampah plastik (yupi)', 1, 5.00, 2),
(844, 673, 'sampah plastik (snack)', 1, 3.00, 2),
(845, 673, 'sampah plastik (kresek gorengan)', 1, 2.00, 2),
(846, 674, 'Kardus bekas paket', 3, 2.00, 2),
(847, 675, 'cangkang telur', 19, 5.00, 2),
(848, 676, 'tissue', 13, 16.00, 4),
(849, 677, 'botol plastik', 1, 2.00, 2),
(850, 678, 'kotak susu', 18, 1.00, 2),
(851, 679, 'Bekas minuman kemasan yang dikumpulkan', 1, 7.00, 2),
(852, 680, 'kresek pelastik', 1, 1.00, 2),
(853, 681, 'botol pelastik', 1, 1.00, 2),
(854, 682, 'Kemasan kotak kardus bungkus makanan', 3, 1.00, 2),
(855, 683, '', 13, 13.00, 4),
(856, 684, 'Kertas nasi bekas bungkus makanan', 5, 5.00, 4),
(857, 685, 'Streofom bekas makanan, akumulasi hari sebelumnya dan ada teman berkunjung ke kos', 9, 8.00, 2),
(858, 686, 'Cup bekas minuman, akumulasi dengan hari sebelumnya dan ada teman berkunjung ke kos', 1, 6.00, 2),
(859, 687, 'botol bekas minuman, akumulasi dengan hari sebelumnya dan ada teman berkunjung ke kos', 1, 7.00, 2),
(860, 688, 'sampah daun2an', 6, 2000.00, 1),
(861, 689, '3 botol plastil 220 ml & 2 botol plastik 500ml', 1, 5.00, 2),
(862, 690, 'kardus bekas paket', 3, 6.00, 2),
(863, 691, '5 buah sampah dua bekas minuman', 1, 5.00, 2),
(864, 692, 'sampah bekas bungkus roti untuk makan hari ini', 1, 30.00, 1),
(865, 692, 'sampah botol minuman bekas makan hari ini', 1, 50.00, 1),
(866, 692, 'sampah plastik bekas makan hari ini', 1, 20.00, 1),
(867, 692, 'sampah kertas bungkus nasi bekas makan hari ini', 5, 50.00, 1),
(868, 693, 'Botol plastik bekas minuman', 1, 1.00, 2),
(869, 694, 'Streofom bekas makanan', 9, 2.00, 2),
(870, 695, 'sampah bungkus makanan', 1, 5.00, 1),
(871, 696, 'Plastik cup dari minuman dan plastik pembungkus makanan', 1, 6.00, 2),
(872, 697, '1 kemasan pelastik cemilan pilus, 1 kemasan pelastik cemilan lidi-lidi', 1, 2.00, 5),
(873, 697, '1 kemasan botol pelastik teh pucuk', 1, 1.00, 2),
(874, 698, 'Cangkang telur', 4, 3.00, 2),
(875, 699, 'cup styrofoam bekas popmie', 9, 1.00, 2),
(876, 700, 'sampah botol plastik ukuran 500ml', 1, 4.00, 2),
(877, 701, 'Sampah bubble wrap bekas kegiatan hari ini', 1, 70.00, 1),
(878, 701, 'Sampah botol minuman bekas kegiatan hari ini', 1, 80.00, 1),
(879, 701, 'Sampah kantong plastikbekas kegiatan hari ini', 1, 77.00, 1),
(880, 701, 'Sampah bekas kegiatan hari ini tisu kardus', 13, 60.00, 1),
(881, 701, 'Sampah bekas kegiatan hari ini daun pisang', 6, 70.00, 1),
(882, 702, 'Sampah bekas pembungkus makanan', 9, 1.00, 2),
(883, 702, 'Sampah bekas pembungkus makanan', 1, 1.00, 2),
(884, 703, 'sampah bekas makanan', 1, 3.00, 2),
(885, 704, 'kardus bekas skincare', 3, 2.00, 2),
(886, 705, 'Sampah bekas sebuah paket', 3, 1.00, 2),
(887, 706, 'Sampah bekas minum tadi malam', 1, 1.00, 2),
(888, 707, '', 1, 6.00, 2),
(889, 708, 'sampah daur ulang', 1, 2000.00, 1),
(890, 709, 'Sampah anorganik kemasan makanan dari kardus', 3, 2.00, 2),
(891, 710, 'botol le mineral ukuran 600 ml', 1, 2.00, 2),
(892, 711, 'Paperbox bekas makanan', 18, 3.00, 2),
(893, 712, 'kotak bekas susu', 3, 1.00, 2),
(894, 713, 'sampah kaleng minuman', 8, 3.00, 1),
(895, 713, 'sampah plastik', 1, 3.00, 1),
(896, 714, 'cup minuman', 1, 1.00, 2),
(897, 715, 'bubble wrap', 1, 32.00, 1),
(898, 715, 'sampah botol kaca', 11, 55.00, 1),
(899, 715, 'sampah plastik', 1, 55.00, 1),
(900, 716, 'kotak plastik bekas buah', 1, 1.00, 2),
(901, 717, 'tissue', 13, 10.00, 4),
(902, 718, 'Sisa sayur', 17, 17.00, 1),
(903, 718, 'sisa buah', 7, 15.00, 1),
(904, 719, 'Sampah berasal dari wadah makanan dari luar', 3, 1.00, 2);
INSERT INTO `detail_laporan` (`id`, `laporan_id`, `keterangan`, `jenis_id`, `quantity`, `satuan_id`) VALUES
(905, 719, 'Sampah berasal dari wadah makanan dari luar', 1, 1.00, 2),
(906, 720, 'sampah bekas makan malam buah pisang', 7, 2.00, 2),
(907, 721, 'botol bekas minuman', 1, 3.00, 2),
(908, 722, 'sampah rempah\" bekas membuat jamu', 6, 1.00, 5),
(909, 723, 'Bungkus Makanan', 1, 3.00, 5),
(910, 724, 'kardus kemasan makanan', 3, 2.00, 2),
(911, 725, 'botol air mineral', 1, 1.00, 2),
(912, 726, 'sampah sisa makanan', 4, 17.00, 1),
(913, 726, 'sampah buah buahan', 6, 25.00, 1),
(914, 726, 'sampah sayuran', 17, 25.00, 1),
(915, 727, 'styrofoam box makanan', 9, 1.00, 2),
(916, 728, 'sampah botol plastik', 1, 13.00, 1),
(917, 728, 'sampah plastik', 1, 15.00, 1),
(918, 728, 'sampah tisu', 13, 15.00, 1),
(919, 729, '', 1, 11.00, 2),
(920, 730, 'sampah gelas plastik', 1, 2.00, 2),
(921, 731, 'berisi bekas sendok dan gelas plastik', 1, 1.00, 5),
(922, 732, 'bekas makanan ringan', 1, 6.00, 2),
(923, 733, 'Sampah bekas pembungkus makanan', 5, 3.00, 4),
(924, 734, 'packaging paket hari ini', 3, 100.00, 1),
(925, 734, 'sampah botol gelas hari ini', 1, 150.00, 1),
(926, 735, '', 1, 5.00, 2),
(927, 736, 'packaging paket hari ini', 1, 150.00, 1),
(928, 736, 'snack hari ini ', 1, 150.00, 1),
(929, 737, 'Streofom bekas makan, akumulasi dengan hari sebelumnya', 9, 5.00, 2),
(930, 738, 'Botol bekas air mineral', 1, 6.00, 2),
(931, 739, 'kertas yg sudahh tidak terpakaii', 5, 15.00, 4),
(932, 740, 'sampah anorganik kemasan makanan', 1, 8.00, 2),
(933, 741, 'sampah plastik kresek', 1, 20.00, 1),
(934, 741, 'sampah botol yakult', 1, 24.00, 1),
(935, 741, 'sampah tissue', 13, 20.00, 1),
(936, 742, 'Sisa sayuran', 17, 15.00, 1),
(937, 742, 'Sisa buah buahan', 6, 19.00, 1),
(938, 743, 'sampah kecil kecil dikumpulkan dalam satu kantok plastik yang lebih besar', 1, 1.00, 5),
(939, 744, 'Cup plastik bekas minuman', 1, 4.00, 2),
(940, 745, 'sampah kulit buah', 7, 165.00, 1),
(941, 745, 'tulang ikan', 4, 100.00, 1),
(942, 746, 'bungkus nasi', 5, 1.00, 5),
(943, 747, 'plastik bekas jajanan', 1, 4.00, 2),
(944, 748, 'gelas plastik bekas minuman', 1, 3.00, 2),
(945, 749, 'sampah cemilan', 1, 4.00, 5),
(946, 750, 'nasi dan tulang', 4, 1.00, 5),
(947, 751, '', 1, 4.00, 2),
(948, 752, 'sampah gelas plastik', 1, 5.00, 2),
(949, 753, 'sampah botol plastik', 1, 2.00, 2),
(950, 754, '2 botol le mineral', 1, 2.00, 2),
(951, 754, '1 botol kaleng kopi dalam beberapa hari', 8, 1.00, 2),
(952, 755, 'Sisa-sisa makanan dari rumah hingga pagi - sore', 4, 1000.00, 1),
(953, 756, 'sampah bungkus plastik minuman hari ini', 1, 24.00, 1),
(954, 756, 'sampah sendok plastik hari ini', 1, 40.00, 1),
(955, 756, 'sampah cup minuman hari ini', 1, 50.00, 1),
(956, 757, 'plastik bekas mie', 1, 3.00, 5),
(957, 758, 'tissue bekas', 13, 5.00, 4),
(958, 759, 'gelas plastik bekas tamu', 1, 3.00, 2),
(959, 760, 'sampah bungkus mi instan', 1, 1.00, 2),
(960, 761, 'plastik belanjaan', 1, 5.00, 2),
(961, 762, 'tulang ayam', 4, 1.00, 2),
(962, 763, '', 1, 6.00, 2),
(963, 764, 'sampah botol plastik dan cup', 1, 5.00, 2),
(964, 765, '1 plastik air botol mineral', 1, 1.00, 2),
(965, 765, '2 plastik kresek', 1, 2.00, 2),
(966, 766, 'sampah plastik, botol minuman', 1, 34.00, 1),
(967, 767, 'Sampah sisa makanan, sisa nasi ,sisa buah', 4, 57.00, 1),
(968, 768, '', 1, 13.00, 2),
(969, 769, '', 3, 1.00, 2),
(970, 770, '', 13, 4.00, 2),
(971, 771, 'Sampah sehabis bepergian botol minuman', 1, 7.00, 2),
(972, 772, 'plastik bekas makanan', 1, 4.00, 2),
(973, 773, 'kotak kardus makanan', 3, 1.00, 2),
(974, 774, 'bekas coretan hitungan soal', 5, 20.00, 4),
(975, 775, '', 8, 3.00, 2),
(976, 776, '1 botol minuman', 1, 1.00, 2),
(977, 777, '1 kaleng minuman', 8, 1.00, 2),
(978, 777, '1 tongkol jagung', 6, 1.00, 2),
(979, 778, 'Sampah sampah kecil yang dikumpulkan di kantong plastik yang lebih besar', 1, 2.00, 5),
(980, 779, 'Kresek plastik dari supermarket', 1, 5.00, 4),
(981, 780, 'sampah bekas hari ini kertas', 5, 55.00, 1),
(982, 780, 'sampah bekas hari ini tisu', 13, 60.00, 1),
(983, 780, 'sampah bekas hari ini botol plastik', 1, 70.00, 1),
(984, 780, 'sampah bekas hari ini sampah beling parfum', 11, 100.00, 1),
(985, 781, 'sampah buah', 7, 59.00, 1),
(986, 781, 'Sisa tulang ayam', 4, 50.00, 1),
(987, 781, 'sampah sayuran', 17, 55.00, 1),
(988, 782, 'sampah plastik kresek', 1, 14.00, 1),
(989, 782, 'sampah plastik', 1, 20.00, 1),
(990, 782, 'sampah tissue,', 13, 20.00, 1),
(991, 783, 'Streofom bekas makanan, akumulasi dengan hari sebelumnya dan ada teman berkunjung ke kos', 9, 10.00, 2),
(992, 784, 'Sampah bekas bikin mie tadi malam', 1, 1.00, 5),
(993, 785, 'Tusuk sate', 2, 15.00, 2),
(994, 786, 'Botol bekas minuman, akumulasi dengan hari sebelumnya', 1, 6.00, 2),
(995, 787, 'Plastik bekas kue', 1, 2.00, 2),
(996, 788, 'Kertas nasi, sampah hari sebelumnya', 5, 3.00, 4),
(997, 789, '', 1, 5.00, 2),
(998, 790, 'sampah stik', 2, 1.00, 2),
(999, 791, 'Akumulasi 1 minggu sampah yang dikumpulkan di trashbag khusus yang telah terpilah untuk laporan tugas ini. terdiri dari botol air mineral, kopi dan isotonik', 1, 40.00, 2),
(1000, 792, 'botol plastik le mineral', 1, 2.00, 2),
(1001, 793, 'sampah bekas makanan hari ini dan kertas tidak terpakai', 1, 160.00, 1),
(1002, 794, 'botol air mineral', 1, 1.00, 2),
(1003, 795, 'styrofoam box bekas makanan', 9, 1.00, 2),
(1004, 796, 'Plastik bekas makanan', 1, 12.00, 2),
(1005, 797, 'Karung bekas beras', 14, 1.00, 2),
(1006, 798, 'Sampah daun pisang bekas pembungkus makanan', 6, 10.00, 4),
(1007, 799, 'Kertas nasi bekas makanan', 5, 3.00, 4),
(1008, 800, 'Tusuk sate', 2, 10.00, 2),
(1009, 801, 'Botol minum plastik', 1, 1.00, 2),
(1010, 802, 'Kemasan makanan styrofoam', 9, 1.00, 2),
(1011, 803, '', 1, 3.00, 4),
(1012, 803, '', 1, 2.00, 5),
(1013, 803, '', 1, 2.00, 2),
(1014, 804, 'Sampah plastik kresek bekas minuman', 1, 1.00, 2),
(1015, 804, 'Sampah bekas minuman', 1, 1.00, 2),
(1016, 805, 'sampah plastik', 1, 20.00, 2),
(1017, 805, '', 13, 100.00, 4),
(1018, 805, '', 5, 30.00, 4),
(1019, 805, '', 15, 37.00, 2),
(1020, 806, 'Sampah bekas membeli makanan dari luar', 1, 4.00, 2),
(1021, 806, 'Sampah bekas membeli makanan dari luar sampah cup plastik', 1, 3.00, 2),
(1022, 806, 'Sampah bekas membeli makanan dari luar sampah plastik kresek', 1, 3.00, 2),
(1023, 807, 'Sampah bekas makanan nasi kuning', 5, 1.00, 4),
(1024, 808, 'Sampah bekas minum tadi siang', 1, 1.00, 2),
(1025, 809, 'Sampah plastik', 1, 12.00, 2),
(1026, 810, 'hasil beli lauk dari luar', 1, 7.00, 5),
(1027, 811, 'Styrofoam bekas makanan, akumulasi dengan hari kemarin', 9, 4.00, 2),
(1028, 812, '3 minuman kaleng', 8, 3.00, 2),
(1029, 812, '1 botol air mineral', 1, 1.00, 2),
(1030, 813, 'bekas bungkus permen', 1, 3.00, 5),
(1031, 814, '1 Styrofoam wadah makanan', 9, 1.00, 2),
(1032, 814, '2 plastik kresek', 1, 2.00, 2),
(1033, 814, '1 buah botol minum kemasan', 1, 1.00, 2),
(1034, 815, 'sampah hari ini bungkus kopi sachet, plastik pembungkus gula, dan kresek kecil', 1, 140.00, 1),
(1035, 816, '', 1, 2.00, 2),
(1036, 817, '', 1, 5.00, 2),
(1037, 818, 'Sampah bekas pembungkus makanan', 1, 2.00, 2),
(1038, 819, 'sampah bungkus makanan', 5, 4.00, 4),
(1039, 820, 'sampah bekas minuman', 1, 3.00, 2),
(1040, 821, 'sampah bungkus makanan', 6, 4.00, 4),
(1041, 822, 'sampah kaleng makanan', 8, 2.00, 2),
(1042, 823, 'sampah bekas pembersih pakaian', 1, 1.00, 2),
(1043, 824, 'sampah bekas keperluan kerajinan orang rumah', 9, 4.00, 2),
(1044, 825, 'sampah bekas pemakaian pasta gigi', 1, 2.00, 2),
(1045, 826, 'sampah makanan sisa', 4, 100.00, 1),
(1046, 827, 'sampah kulit buah mangga', 7, 250.00, 1),
(1047, 828, 'sampah bekas pembelian online', 3, 1.00, 2),
(1048, 829, 'sampah bekas melapisi sesuatu yg basah', 5, 5.00, 4),
(1049, 830, 'sampah bekas kemasan sabun muka', 1, 1.00, 2),
(1050, 831, 'sampah bekas minuman seperti susu', 18, 2.00, 2),
(1051, 832, 'sampah bekas telur kupas', 4, 36.00, 1),
(1052, 833, 'botol minum', 1, 2.00, 2),
(1053, 834, 'Sisa makanan dari pagi hingga siang hari', 4, 1000.00, 1),
(1054, 835, 'sampah bekas makan hari ini', 3, 150.00, 1),
(1055, 836, 'sampah bekas bungkus barang', 3, 2.00, 2),
(1056, 837, 'Saat membersihkan halaman rumah', 6, 500.00, 1),
(1057, 838, 'Sampah bekas mengelap makanan', 13, 5.00, 4),
(1058, 839, 'Sampah bekas cemilan tadi siang', 1, 3.00, 5),
(1059, 840, 'Sampah makanan hari ini(cup plastik minuman boba, sedotan besar, mika 2pcs, kresek besar,)', 1, 246.00, 1),
(1060, 841, 'Lunch box paper bekas makan', 3, 5.00, 2),
(1061, 842, 'Styrofoam bekas makanan', 9, 2.00, 2),
(1062, 843, 'Lunch box paper bekas makanan, sampah hari kemarin', 3, 3.00, 2),
(1063, 844, 'Tulang ayam, sampah hari kemarin', 4, 213.00, 1),
(1064, 845, 'Sampah plastik, bungkus makanan', 1, 23.00, 5),
(1065, 846, 'sampah daun kering dari pohon yang berjatuhan', 6, 250.00, 1),
(1066, 847, 'Sampah bekas pembungkus makanan', 1, 5.00, 5),
(1067, 848, 'Sampah bekas makanan tadi siang', 7, 2.00, 2),
(1068, 849, 'Sampah bekas wadah makanan', 1, 1.00, 5),
(1069, 850, 'Cup plastik bekas minuman', 1, 3.00, 2),
(1070, 851, 'kertas nasi', 5, 7.00, 4),
(1071, 852, 'Botol bekas air mineral', 1, 11.00, 2),
(1072, 853, 'sampah bekas dus makanan', 3, 3.00, 2),
(1073, 854, 'Kemasan Kotak Kardus', 3, 1.00, 2),
(1074, 855, 'Bungkus makanan', 1, 1.00, 5),
(1075, 856, 'Sampah dari rumah', 3, 1.00, 2),
(1076, 857, 'Sampah bekas sisa baterai remote', 16, 2.00, 2),
(1077, 858, 'Sampah bekas bungkus makanan', 1, 1.00, 5),
(1078, 859, '3 botol plastik', 1, 3.00, 2),
(1079, 860, 'Botol minuman plastik', 1, 2.00, 2),
(1080, 861, 'Sampah bekas paket', 1, 2.00, 2),
(1081, 862, 'Sampah bekas makanan dari luar', 1, 2.00, 2),
(1082, 863, '1 botol air mineral', 1, 1.00, 2),
(1083, 863, '1 kotak nasi', 3, 1.00, 2),
(1084, 863, '1 plastik kresek', 1, 1.00, 5),
(1085, 864, 'kotak kardus kemasan makanan', 3, 1.00, 2),
(1086, 865, 'Sampah bekas meminum tadi siang', 1, 1.00, 2),
(1087, 866, 'Sampah bekas makan tadi malam', 7, 1.00, 2),
(1088, 867, 'sampah plastik bekas makanan', 1, 30.00, 1),
(1089, 868, 'sampah bekas bungkus makanan tadi siang', 1, 3.00, 2),
(1090, 869, 'Sampah bekas pembungkus makanan dan minuman dari luar', 1, 2.00, 2),
(1091, 870, 'sampah sampah plastik kecil dimasukan ke dalam kantong plastik yang lebih besar', 1, 4.00, 5),
(1092, 871, 'sampah kulit pisang', 7, 2.00, 2),
(1093, 872, 'sampah kertas hvs bekas coretan dan print', 5, 15.00, 4),
(1094, 873, 'Styrofoam bekas makanan, akumulasi dengan hari sebelumnya', 9, 5.00, 2),
(1095, 874, 'Lunch box paper, akumulasi dengan hari sebelumnya', 3, 3.00, 2),
(1096, 875, 'Botol bekas', 1, 4.00, 2),
(1097, 876, 'Cup plastik bekas minuman', 1, 4.00, 2),
(1098, 877, 'Sampah bekas minuman dari luar', 1, 2.00, 2),
(1099, 878, 'Kardus bekas paket', 3, 1.00, 2),
(1100, 879, 'Sampah bekas masak mie tadi malam', 1, 1.00, 5),
(1101, 880, 'botol minum bekas nipis madu', 1, 1.00, 2),
(1102, 881, 'Sampah bekas makanan dari luar', 1, 3.00, 2),
(1103, 882, 'smapah bekas kotretan', 5, 60.00, 1),
(1104, 883, 'Sampah bekas cemilan tadi siang', 1, 2.00, 5),
(1105, 884, '', 1, 6.00, 2),
(1106, 885, '', 1, 2.00, 2),
(1107, 886, 'sampah bekas kardus makanan', 3, 2.00, 2),
(1108, 887, 'sampah kulit buah kupas', 7, 90.00, 1),
(1109, 888, 'Botol minum 600ml', 1, 3.00, 2),
(1110, 889, 'Botol bekas kecap', 11, 140.00, 1),
(1111, 890, 'Sampah bekas minuman', 1, 4.00, 2),
(1112, 891, 'makan takeout', 9, 3.00, 2),
(1113, 892, 'Sampah kulit pisang bekas makan siang', 6, 4.00, 4),
(1114, 893, 'sampah bekas makan makan hari ini', 1, 5.00, 5),
(1115, 894, 'botol nipis madu 330ml', 1, 1.00, 2),
(1116, 895, '.', 1, 10.00, 2),
(1117, 896, 'sampah bekas makan malam', 2, 50.00, 2),
(1118, 897, 'sampah bekas cup plastik eskrim', 1, 4.00, 2),
(1119, 898, 'Sampah plastik dari wadah kue', 1, 2.00, 2),
(1120, 899, 'botol air mineral 1,5L', 1, 1.00, 2),
(1121, 900, 'Sampah bekas makan tadi siang', 7, 2.00, 2),
(1122, 901, 'Sampah bekas beli makanan', 1, 1.00, 5),
(1123, 902, 'botol plastik', 1, 6.00, 2),
(1124, 903, 'cup plastik', 1, 3.00, 2),
(1125, 904, 'Styrofoam bekas makanan', 9, 6.00, 2),
(1126, 905, 'Cup minuman dari cafe', 1, 1.00, 2),
(1127, 906, 'Kardus bekas pvc', 3, 10.00, 2),
(1128, 907, 'Bekas makanan, tulang ayam', 4, 5.00, 2),
(1129, 908, 'Kulit Pisang', 7, 5.00, 2),
(1130, 909, 'Sampah bekas bungkus detergen', 1, 3.00, 2),
(1131, 910, 'Sampah rumahan hari ini (piring pecah)', 11, 100.00, 1),
(1132, 910, 'Sampah rumahan hari ini', 1, 100.00, 1),
(1133, 910, 'Sampah rumahan hari ini', 13, 90.00, 1),
(1134, 911, 'sampah orderan takeout', 3, 4.00, 2),
(1135, 912, 'cangkang telur', 4, 5.00, 2),
(1136, 913, 'cup plastik minuman', 1, 2.00, 2),
(1137, 914, 'botol plastik', 1, 1.00, 2),
(1138, 915, 'struk', 5, 8.00, 4),
(1139, 916, '(habis dalam seminggu) digunakan banyak tisu dikarenakan lagi flu', 13, 600.00, 4),
(1140, 917, 'Sampah plastik, bungkus makanan', 1, 11.00, 5),
(1141, 918, 'Sampah bekas membungkus makanan', 1, 3.00, 5),
(1142, 919, 'Sampah dari makanan', 1, 5.00, 2),
(1143, 920, 'sampah bungkus nasi', 5, 1.00, 5),
(1144, 921, 'Sampah kertas', 5, 1.00, 2),
(1145, 921, 'Sampah plastik', 1, 1.00, 5),
(1146, 922, 'bekas makan es krim', 1, 3.00, 2),
(1147, 923, 'Sampah dari pembungkus makanan', 1, 3.00, 4),
(1148, 924, 'Sampah bekas bungkus mie buat makan malam', 1, 1.00, 5),
(1149, 925, 'Botol minuman kopi', 1, 1.00, 2),
(1150, 926, 'abis jajan', 9, 2.00, 2),
(1151, 927, 'Sampah bekas air mineral', 1, 3.00, 2),
(1152, 928, 'sampah bekas makanan tadi sore', 1, 3.00, 2),
(1153, 929, 'sampah mengupas/memotong sayuran', 17, 200.00, 1),
(1154, 930, 'sampah bekas membersihkan sesuatu yang kotor', 15, 5.00, 2),
(1155, 931, 'Sampah bekas makan tadi malam', 7, 2.00, 2),
(1156, 932, 'Sampah bekas minum tadi siang', 1, 1.00, 2),
(1157, 933, 'Tusuk sate', 2, 15.00, 2),
(1158, 934, 'Styrofoam bekas makanan, akumulasi dengan hari sebelumnya', 9, 5.00, 2),
(1159, 935, 'cup bekas minuman', 1, 2.00, 2),
(1160, 936, 'botol minum plastik', 1, 3.00, 2),
(1161, 937, 'Sampah bekas pembungkus makanan', 1, 3.00, 5),
(1162, 938, '', 1, 8.00, 1),
(1163, 939, 'Styrofoam bekas makanan', 9, 1.00, 2),
(1164, 940, 'Sampah bekas tadi siang', 1, 1.00, 2),
(1165, 941, 'Sampah plastik bungkus makanan', 1, 3.00, 5),
(1166, 942, 'botol air minum 600 ml', 1, 2.00, 2),
(1167, 943, 'Sisa makanan di rumah', 4, 1000.00, 1),
(1168, 944, 'Sampah biji rambutan bekas makan di siang hari', 6, 5.00, 2),
(1169, 945, 'Sampah plastik bekas makanan', 1, 2.00, 5),
(1170, 946, 'sampah bekas makanan seharian', 1, 3.00, 2),
(1171, 947, 'sampah bekas bungkus barang dan sudah kotor tidak bisa digunakan kembali', 5, 5.00, 4),
(1172, 948, 'sampah bekas pelembab', 1, 2.00, 2),
(1173, 949, 'sampah plastik kemasan makanan', 1, 3.00, 2),
(1174, 950, 'Sampah dari pembungkus paket', 1, 4.00, 4),
(1175, 951, 'Lunch box paper', 3, 4.00, 2),
(1176, 952, 'Sampah bungkus makanan tadi pagi', 1, 2.00, 5),
(1177, 953, 'Botol plastik habis minum', 1, 1.00, 2),
(1178, 954, 'Box Katsu', 3, 1.00, 2),
(1179, 955, 'Botol Minuman', 1, 1.00, 2),
(1180, 956, 'Kulit Jeruk', 7, 1.00, 2),
(1181, 957, 'Cangkang Telur', 4, 3.00, 2),
(1182, 958, 'Bungkus sachet', 1, 1.00, 5),
(1183, 959, 'Bungkus snack', 1, 1.00, 5),
(1184, 960, 'Baterai bekas handphone', 16, 1.00, 2),
(1185, 961, 'Sampah plastik bungkus makanan', 1, 2.00, 2),
(1186, 962, 'Sampah bekas sisa tulang ayam saat makan siang dan sore', 4, 0.50, 1),
(1187, 963, 'botol plastik', 1, 1.00, 2),
(1188, 964, 'Styrofoam bekas tempat makanan', 9, 1.00, 2),
(1189, 965, 'Cup minuman dari jajanan', 1, 1.00, 2),
(1190, 966, '', 1, 2.00, 2),
(1191, 967, '', 5, 7.00, 4),
(1192, 968, '', 3, 8.00, 2),
(1193, 969, 'kaleng bekas', 8, 3.00, 2),
(1194, 970, '', 9, 3.00, 2),
(1195, 971, 'Botol plastik minuman', 1, 2.00, 2),
(1196, 972, 'Sampah sisa makanan dari pagi hingga sore hari', 4, 1000.00, 1),
(1197, 973, 'sampah bekas minuman', 1, 3.00, 2),
(1198, 974, 'botol bekas parfum yg sudah habis', 11, 3.00, 2),
(1199, 975, 'Sampah sisa-sisa tulang saat makan siang', 4, 0.50, 1),
(1200, 976, 'botol plastik', 1, 2.00, 2),
(1201, 977, 'lunch box paper', 3, 2.00, 2),
(1202, 978, 'Sampah bekas paket', 1, 6.00, 2),
(1203, 979, 'botol minum ichi ocha', 1, 1.00, 2),
(1204, 980, 'Kardus makanan', 3, 1.00, 2),
(1205, 981, 'Sisa makanan saat makan siang', 4, 1000.00, 1),
(1206, 982, 'lunch box paper', 3, 2.00, 2),
(1207, 983, 'botol plastik', 1, 4.00, 2),
(1208, 984, 'Styrofoam bekas makanan', 9, 4.00, 2),
(1209, 985, 'Plastik bungkus makanan', 1, 5.00, 2),
(1210, 986, '2 kantong berisi sampah kosan selama seminggu euyy', 19, 2.00, 5),
(1211, 987, 'Sisa makanan saat sarapan pagi', 4, 0.50, 1),
(1212, 988, 'botol plastik', 1, 1.00, 2),
(1213, 989, 'Styrofoam bekas makanan', 9, 1.00, 2),
(1214, 990, 'Botol plastik bekas', 1, 1.00, 2),
(1215, 991, 'Sampah plastik', 1, 1.00, 2),
(1216, 992, 'botol plastik', 1, 2.00, 2),
(1217, 993, 'Sampah dari pembungkus makanan', 1, 3.00, 2),
(1218, 994, 'sampah botol', 1, 5.00, 2),
(1219, 995, 'Cup minuman plastik', 1, 1.00, 2),
(1220, 996, 'Sisa makanan, tulang ayam', 4, 4.00, 2),
(1221, 997, 'Kertas tidak terpakai', 5, 4.00, 4),
(1222, 998, 'atap seng', 8, 4.00, 4),
(1223, 999, '', 21, 2.00, 2),
(1224, 1000, '', 20, 1100.00, 3),
(1225, 1001, '2 Kresek Besar dan 1 Kresek kecil', 6, 3.00, 5),
(1226, 1002, 'Sampah bekas bahan membuat kue', 19, 15.00, 1),
(1227, 1003, 'lunch box paper', 3, 4.00, 2),
(1228, 1004, 'Sampah bekas pembungkus makanan', 1, 6.00, 2),
(1229, 1005, 'plastik minuman', 1, 5.00, 2),
(1230, 1006, 'gelas plastik', 1, 2.00, 2),
(1231, 1007, 'kaleng sarden', 8, 3.00, 2),
(1232, 1008, '', 13, 55.00, 4),
(1233, 1009, 'Sampah sisa makanan', 4, 150.00, 1),
(1234, 1010, 'botol plastik', 1, 2.00, 2),
(1235, 1011, 'botol plastik', 1, 8.00, 2),
(1236, 1012, 'lunch box paper', 10, 4.00, 4),
(1237, 1013, 'botol plastik', 1, 2.00, 2);

-- --------------------------------------------------------

--
-- Table structure for table `email`
--

CREATE TABLE `email` (
  `id` int(11) NOT NULL,
  `nama` varchar(100) DEFAULT NULL,
  `mahasiswa_id` int(11) DEFAULT NULL
) ENGINE=InnoDB DEFAULT CHARSET=utf8mb4 COLLATE=utf8mb4_general_ci;

--
-- Dumping data for table `email`
--

INSERT INTO `email` (`id`, `nama`, `mahasiswa_id`) VALUES
(1, 'gherryalviart769@upi.edu', 35),
(2, 'dickaf547@gmail.com', 34),
(3, 'dickaf547@upi.edu', 34),
(4, 'juliarahmawati@upi.edu', 68),
(5, 'anasmf098@gmail.com', 67),
(6, 'umarexandromeda@upi.edu', 32),
(7, 'hawadwiafina@upi.edu', 30),
(8, 'dhiyau27@upi.edu', 31),
(9, 'fitravgg22@upi.edu', 11),
(10, 'viviagustina@upi.edu', 29),
(11, 'muhammadazmi36@upi.edu', 65),
(12, 'rizki2008fs@gmail.com', 29),
(13, 'nafisasyakir.a04@upi.edu', 61),
(14, 'fauzia26rahma@gmail.com', 64),
(15, 'nisrina.natun3@upi.edu', 63),
(16, 'shidqirasyad70@upi.edu', 27),
(17, 'mrizkiana4432@upi.edu', 26),
(18, 'frosttskrt@gmail.com', 60),
(19, 'mmudrik@upi.edu', 59),
(20, 'naurafaizah@upi.edu', 22),
(21, 'nadzallad@gmail.com', 23),
(22, 'rizkauliaa2715@upi.edu', 21),
(23, 'selikakanajmii@upi.edu', 24),
(24, 'nurulatiqah@upi.edu', 56),
(25, 'rafisub@upi.edu', 54),
(26, 'imam76@upi.edu', 20),
(27, 'dzokodolog@upi.edu', 18),
(28, 'muhrangganp.05@upi.edu', 19),
(29, 'bintangfajarputra@upi.edu', 17),
(30, 'shakilaaulia@upi.edu', 55),
(31, 'firdaridzki.1@upi.edu', 50),
(32, 'iqbalrizkymaulana@upi.edu', 13),
(33, 'maulanaa1408@upi.edu', 15),
(34, 'adwarsalman45@gmail.com', 52),
(35, 'pindandss2@gmail.com', 14),
(36, 'basriaazka.workspace@upi.edu', 14),
(37, 'rex_id@upi.edu', 47),
(38, 'putiiwsyalala@upi.edu', 48),
(39, 'naufal_rbbni@upi.edu', 46),
(40, 'mahendradevid30@upi.edu', 12),
(41, 'nurabdillah@upi.edu', 10),
(42, 'rafikasyas23s@gmail.com', 9),
(43, 'repa.pitrianni@upi.edu', 43),
(44, 'naufalzahid@upi.edu', 41),
(45, 'zahranzaidan3@gmail.com', 42),
(46, 'ervinakusnanda@upi.edu', 44),
(47, 'daffadhiaacandra@upi.edu', 7),
(48, 'zulfianrais3101@gmail.com', 5),
(49, 'frizkiaskusnendar@upi.edu', 8),
(50, 'yassarm@upi.edu', 37),
(51, 'wilsontulus@upi.edu', 2),
(52, 'farahmauliida@upi.edu', 40),
(53, 'rifadanindra@upi.edu', 66),
(54, 'aryaps@upi.edu', 1),
(55, 'saidbanx12@gmail.com', 28),
(56, 'nihaaprill@upi.edu', 38),
(57, 'rifkyfadhillahakbar@upi.edu', 58),
(58, 'najmialifahh@gmail.com', 53),
(59, 'rappepu@upi.edu', 49),
(60, 'raffienanda@upi.edu', 57),
(61, 'malanandika13@upi.edu', 33),
(62, 'adwarsalman45@upi.edu', 52),
(63, 'juliarahma12606@gmail.com', 68),
(64, 'atharghaisan002@upi.edu', 39),
(65, 'zharfanfw@upi.edu', 16),
(66, 'ajipati.alaga@upi.edu', 51),
(67, 'nanaynadhif666@upi.edu', 25);

-- --------------------------------------------------------

--
-- Table structure for table `jenis`
--

CREATE TABLE `jenis` (
  `id` int(11) NOT NULL,
  `nama_jenis` varchar(100) DEFAULT NULL,
  `kategori_id` int(11) DEFAULT NULL
) ENGINE=InnoDB DEFAULT CHARSET=utf8mb4 COLLATE=utf8mb4_general_ci;

--
-- Dumping data for table `jenis`
--

INSERT INTO `jenis` (`id`, `nama_jenis`, `kategori_id`) VALUES
(1, 'Plastik', 2),
(2, 'Kayu', 1),
(3, 'Kardus', 2),
(4, 'Sisa Makanan', 1),
(5, 'Kertas', 2),
(6, 'Tumbuhan', 1),
(7, 'Kulit Buah', 1),
(8, 'Kaleng', 2),
(9, 'Styrofoam', 2),
(10, 'Kertas Organik', 1),
(11, 'Kaca', 2),
(12, 'Kotoran', 1),
(13, 'Tisu', 2),
(14, 'Karung', 2),
(15, 'Kapas', 2),
(16, 'Baterai', 3),
(17, 'Sayuran', 1),
(18, 'Karton', 2),
(19, 'Sampah Dapur', 2),
(20, 'Oli Bekas', 3),
(21, 'Plafon Kalsiboard', 3);

-- --------------------------------------------------------

--
-- Table structure for table `kategori`
--

CREATE TABLE `kategori` (
  `id` int(11) NOT NULL,
  `nama_kategori` varchar(100) DEFAULT NULL
) ENGINE=InnoDB DEFAULT CHARSET=utf8mb4 COLLATE=utf8mb4_general_ci;

--
-- Dumping data for table `kategori`
--

INSERT INTO `kategori` (`id`, `nama_kategori`) VALUES
(1, 'Organik'),
(2, 'Anorganik'),
(3, 'B3 (Bahan Berbahaya dan Beracun)');

-- --------------------------------------------------------

--
-- Table structure for table `kelas`
--

CREATE TABLE `kelas` (
  `id` int(11) NOT NULL,
  `nama` varchar(10) DEFAULT NULL
) ENGINE=InnoDB DEFAULT CHARSET=utf8mb4 COLLATE=utf8mb4_general_ci;

--
-- Dumping data for table `kelas`
--

INSERT INTO `kelas` (`id`, `nama`) VALUES
(1, 'C1'),
(2, 'C2');

-- --------------------------------------------------------

--
-- Table structure for table `kelompok`
--

CREATE TABLE `kelompok` (
  `id` int(11) NOT NULL,
  `nama` varchar(100) DEFAULT NULL,
  `kelompok` int(11) DEFAULT NULL,
  `kelas_id` int(11) DEFAULT NULL,
  `total_laporan` int(11) DEFAULT 0
) ENGINE=InnoDB DEFAULT CHARSET=utf8mb4 COLLATE=utf8mb4_general_ci;

--
-- Dumping data for table `kelompok`
--

INSERT INTO `kelompok` (`id`, `nama`, `kelompok`, `kelas_id`, `total_laporan`) VALUES
(1, 'EcoCollection', 1, 1, 5),
(2, 'PengabdiBasdat', 2, 1, 58),
(3, 'StartWaste', 3, 1, 31),
(4, 'LitterAlly', 4, 1, 67),
(5, 'GreenSync', 5, 1, 64),
(6, 'TrashCamp', 6, 1, 172),
(7, 'Danillo', 7, 1, 16),
(8, 'EcoPilah', 8, 1, 169),
(9, 'SORTIFY TEAM', 9, 1, 49),
(10, 'EcoTracker', 1, 2, 35),
(11, 'cowcowmylon', 2, 2, 95),
(12, 'ecofore', 3, 2, 34),
(13, 'SampahKita', 4, 2, 30),
(14, 'trashformers', 5, 2, 70),
(15, 'scavenger', 6, 2, 26),
(16, 'TrashTroopers', 7, 2, 59),
(17, 'PilahPintar', 8, 2, 33);

-- --------------------------------------------------------

--
-- Table structure for table `laporan_sampah`
--

CREATE TABLE `laporan_sampah` (
  `id` int(11) NOT NULL,
  `email_id` int(11) NOT NULL,
  `submit_date` datetime NOT NULL,
  `lokasi_id` int(11) NOT NULL
) ENGINE=InnoDB DEFAULT CHARSET=utf8mb4 COLLATE=utf8mb4_general_ci;

--
-- Dumping data for table `laporan_sampah`
--

INSERT INTO `laporan_sampah` (`id`, `email_id`, `submit_date`, `lokasi_id`) VALUES
(1, 1, '2025-04-06 22:24:30', 2),
(2, 1, '2025-04-06 22:27:04', 6),
(3, 2, '2025-04-06 22:30:26', 1),
(4, 2, '2025-04-06 22:32:42', 6),
(5, 3, '2025-04-06 22:38:06', 3),
(6, 1, '2025-04-06 22:39:08', 2),
(7, 3, '2025-04-06 22:44:18', 1),
(8, 4, '2025-03-31 21:48:38', 1),
(9, 5, '2025-04-01 00:05:31', 4),
(10, 6, '2025-04-01 07:41:37', 5),
(11, 7, '2025-04-01 07:41:49', 4),
(12, 6, '2025-04-01 07:45:58', 2),
(13, 7, '2025-04-01 07:55:12', 2),
(14, 8, '2025-04-01 08:15:10', 2),
(15, 8, '2025-04-01 08:17:09', 2),
(16, 9, '2025-04-01 11:15:43', 2),
(17, 9, '2025-04-01 11:17:52', 4),
(18, 10, '2025-04-01 18:59:37', 1),
(19, 8, '2025-04-01 20:08:41', 4),
(20, 7, '2025-04-01 20:11:48', 6),
(21, 11, '2025-04-01 20:56:20', 1),
(22, 11, '2025-04-01 20:57:58', 6),
(23, 11, '2025-04-01 20:59:05', 1),
(24, 11, '2025-04-01 21:00:37', 5),
(25, 11, '2025-04-01 21:05:13', 5),
(26, 11, '2025-04-01 21:06:25', 6),
(27, 5, '2025-04-02 13:31:27', 4),
(28, 10, '2025-04-02 16:03:12', 5),
(29, 8, '2025-04-02 17:41:31', 3),
(30, 8, '2025-04-02 17:45:53', 2),
(31, 9, '2025-04-02 19:15:19', 3),
(32, 6, '2025-04-02 21:36:34', 1),
(33, 4, '2025-04-02 21:42:26', 5),
(34, 7, '2025-04-03 12:45:51', 6),
(35, 7, '2025-04-03 12:48:09', 4),
(36, 8, '2025-04-03 17:09:29', 4),
(37, 8, '2025-04-03 17:14:00', 6),
(38, 6, '2025-04-03 21:41:11', 5),
(39, 10, '2025-04-03 23:16:06', 3),
(40, 9, '2025-04-03 23:23:31', 5),
(41, 9, '2025-04-03 23:25:19', 5),
(42, 12, '2025-04-04 19:53:08', 3),
(43, 7, '2025-04-04 21:02:35', 5),
(44, 8, '2025-04-04 22:26:48', 4),
(45, 8, '2025-04-04 22:27:57', 6),
(46, 6, '2025-04-04 23:26:14', 6),
(47, 9, '2025-04-04 23:41:53', 4),
(48, 9, '2025-04-04 23:42:39', 2),
(49, 4, '2025-04-05 21:14:14', 2),
(50, 10, '2025-04-05 22:25:06', 1),
(51, 8, '2025-04-05 23:27:40', 3),
(52, 10, '2025-04-06 19:39:27', 6),
(53, 4, '2025-04-06 21:20:56', 1),
(54, 8, '2025-04-06 21:30:43', 4),
(55, 8, '2025-04-06 21:31:53', 5),
(56, 6, '2025-04-06 23:20:56', 5),
(57, 6, '2025-04-06 23:21:50', 5),
(58, 9, '2025-04-06 23:49:26', 2),
(59, 6, '2025-04-07 20:34:52', 4),
(60, 6, '2025-04-07 20:35:55', 2),
(61, 4, '2025-04-07 20:42:01', 4),
(62, 8, '2025-04-07 22:27:52', 6),
(63, 8, '2025-04-07 22:31:35', 3),
(64, 9, '2025-04-07 23:23:36', 5),
(65, 9, '2025-04-07 23:24:51', 6),
(66, 7, '2025-04-08 08:08:01', 2),
(67, 7, '2025-04-08 08:08:56', 2),
(68, 7, '2025-04-08 08:10:50', 1),
(69, 7, '2025-04-08 08:11:43', 1),
(70, 13, '2025-03-31 21:33:53', 1),
(71, 13, '2025-03-31 21:35:31', 3),
(72, 13, '2025-03-31 21:41:05', 3),
(73, 13, '2025-03-31 21:44:11', 3),
(74, 13, '2025-03-31 21:44:38', 1),
(75, 13, '2025-03-31 21:45:36', 2),
(76, 14, '2025-03-31 22:18:23', 6),
(77, 15, '2025-03-31 22:30:02', 1),
(78, 16, '2025-04-01 19:51:04', 4),
(79, 13, '2025-04-01 21:59:22', 1),
(80, 13, '2025-04-01 22:03:46', 1),
(81, 13, '2025-04-01 22:04:39', 3),
(82, 13, '2025-04-01 22:06:05', 4),
(83, 13, '2025-04-01 22:07:40', 3),
(84, 15, '2025-04-02 21:46:09', 5),
(85, 15, '2025-04-02 21:48:04', 2),
(86, 14, '2025-04-02 22:16:48', 6),
(87, 14, '2025-04-02 22:17:24', 5),
(88, 13, '2025-04-03 13:04:06', 6),
(89, 15, '2025-04-03 21:44:20', 3),
(90, 14, '2025-04-03 22:54:48', 4),
(91, 15, '2025-04-04 20:55:29', 4),
(92, 13, '2025-04-04 21:34:30', 5),
(93, 13, '2025-04-04 21:35:43', 1),
(94, 13, '2025-04-04 21:47:55', 1),
(95, 14, '2025-04-04 22:52:40', 2),
(96, 15, '2025-04-05 19:27:24', 6),
(97, 15, '2025-04-05 19:28:16', 3),
(98, 17, '2025-04-05 21:11:17', 3),
(99, 17, '2025-04-05 21:12:11', 2),
(100, 14, '2025-04-05 22:39:32', 2),
(101, 13, '2025-04-06 21:02:52', 2),
(102, 13, '2025-04-06 21:03:12', 5),
(103, 13, '2025-04-06 21:03:34', 5),
(104, 14, '2025-04-06 23:39:34', 1),
(105, 17, '2025-04-07 17:14:20', 1),
(106, 17, '2025-04-07 17:15:26', 2),
(107, 14, '2025-04-07 21:35:28', 4),
(108, 13, '2025-04-07 21:49:46', 4),
(109, 13, '2025-04-07 21:50:13', 6),
(110, 15, '2025-04-07 23:16:24', 6),
(111, 18, '2025-04-01 00:04:19', 5),
(112, 19, '2025-04-01 20:34:58', 1),
(113, 20, '2025-04-01 22:48:35', 4),
(114, 20, '2025-04-01 22:52:37', 4),
(115, 21, '2025-04-01 22:53:59', 2),
(116, 22, '2025-04-01 22:54:31', 5),
(117, 22, '2025-04-01 22:54:53', 1),
(118, 21, '2025-04-01 22:55:54', 3),
(119, 23, '2025-04-01 23:56:32', 2),
(120, 23, '2025-04-02 00:00:47', 6),
(121, 19, '2025-04-02 20:43:41', 1),
(122, 19, '2025-04-02 20:46:26', 2),
(123, 19, '2025-04-02 20:47:08', 5),
(124, 20, '2025-04-02 22:57:17', 6),
(125, 20, '2025-04-02 23:00:06', 1),
(126, 20, '2025-04-02 23:00:54', 5),
(127, 20, '2025-04-02 23:02:25', 1),
(128, 23, '2025-04-02 23:03:18', 3),
(129, 23, '2025-04-02 23:11:41', 6),
(130, 22, '2025-04-02 23:47:33', 6),
(131, 22, '2025-04-02 23:48:00', 2),
(132, 22, '2025-04-03 23:59:34', 4),
(133, 22, '2025-04-03 23:59:54', 6),
(134, 20, '2025-04-04 20:32:31', 6),
(135, 21, '2025-04-04 21:35:53', 6),
(136, 21, '2025-04-04 21:38:12', 6),
(137, 23, '2025-04-04 23:06:10', 6),
(138, 23, '2025-04-04 23:08:19', 6),
(139, 23, '2025-04-04 23:11:19', 3),
(140, 19, '2025-04-04 23:56:40', 4),
(141, 20, '2025-04-05 22:53:15', 6),
(142, 20, '2025-04-05 22:53:43', 3),
(143, 21, '2025-04-05 23:02:51', 2),
(144, 21, '2025-04-05 23:05:06', 4),
(145, 23, '2025-04-06 18:37:23', 6),
(146, 23, '2025-04-06 18:40:01', 5),
(147, 21, '2025-04-06 21:20:09', 3),
(148, 21, '2025-04-06 21:22:27', 5),
(149, 22, '2025-04-06 23:14:32', 6),
(150, 22, '2025-04-06 23:15:01', 5),
(151, 20, '2025-04-06 23:19:43', 4),
(152, 20, '2025-04-06 23:20:17', 3),
(153, 20, '2025-04-06 23:21:15', 4),
(154, 19, '2025-04-07 05:33:27', 2),
(155, 19, '2025-04-07 05:33:49', 2),
(156, 23, '2025-04-07 15:56:43', 1),
(157, 23, '2025-04-07 16:01:08', 6),
(158, 22, '2025-04-07 21:44:40', 1),
(159, 22, '2025-04-07 21:45:19', 3),
(160, 21, '2025-04-07 22:41:41', 5),
(161, 21, '2025-04-07 22:42:57', 4),
(162, 20, '2025-04-07 22:43:46', 6),
(163, 24, '2025-03-31 21:36:13', 6),
(164, 25, '2025-03-31 22:36:02', 3),
(165, 25, '2025-03-31 22:39:34', 3),
(166, 26, '2025-04-01 00:03:36', 5),
(167, 27, '2025-04-01 09:21:36', 5),
(168, 28, '2025-04-01 10:16:06', 1),
(169, 26, '2025-04-01 20:50:29', 6),
(170, 26, '2025-04-01 20:51:28', 4),
(171, 24, '2025-04-01 22:30:33', 5),
(172, 25, '2025-04-01 23:16:27', 2),
(173, 25, '2025-04-01 23:16:54', 2),
(174, 28, '2025-04-02 09:56:07', 2),
(175, 29, '2025-04-02 11:12:22', 2),
(176, 24, '2025-04-02 22:42:06', 1),
(177, 27, '2025-04-03 16:03:26', 5),
(178, 27, '2025-04-03 16:04:38', 2),
(179, 26, '2025-04-03 19:29:07', 2),
(180, 28, '2025-04-03 20:08:55', 6),
(181, 24, '2025-04-03 21:48:48', 5),
(182, 26, '2025-04-03 21:49:01', 3),
(183, 24, '2025-04-03 21:51:05', 5),
(184, 25, '2025-04-03 23:32:32', 4),
(185, 28, '2025-04-04 17:46:01', 3),
(186, 28, '2025-04-05 10:23:56', 3),
(187, 24, '2025-04-05 23:49:32', 1),
(188, 28, '2025-04-06 12:35:33', 4),
(189, 26, '2025-04-06 18:24:59', 2),
(190, 27, '2025-04-06 18:50:54', 1),
(191, 24, '2025-04-07 05:46:31', 1),
(192, 30, '2025-04-07 06:14:11', 3),
(193, 30, '2025-04-07 06:20:06', 3),
(194, 28, '2025-04-07 12:20:30', 5),
(195, 25, '2025-04-07 20:42:25', 4),
(196, 26, '2025-04-07 22:05:44', 2),
(197, 26, '2025-04-07 22:07:26', 6),
(198, 28, '2025-04-08 07:07:50', 1),
(199, 31, '2025-03-31 20:24:57', 5),
(200, 32, '2025-04-01 09:30:17', 3),
(201, 33, '2025-04-01 18:55:29', 1),
(202, 31, '2025-04-01 18:57:37', 2),
(203, 33, '2025-04-01 18:57:46', 1),
(204, 33, '2025-04-01 18:58:57', 3),
(205, 34, '2025-04-02 18:51:01', 2),
(206, 35, '2025-04-02 20:35:57', 6),
(207, 31, '2025-04-02 20:46:26', 2),
(208, 33, '2025-04-02 21:42:13', 2),
(209, 33, '2025-04-02 21:52:02', 3),
(210, 29, '2025-04-04 19:31:56', 3),
(211, 33, '2025-04-04 21:14:52', 3),
(212, 33, '2025-04-04 21:15:23', 3),
(213, 33, '2025-04-04 21:16:38', 5),
(214, 31, '2025-04-05 18:38:54', 2),
(215, 31, '2025-04-05 18:41:55', 1),
(216, 33, '2025-04-05 20:02:43', 4),
(217, 33, '2025-04-05 20:03:19', 3),
(218, 34, '2025-04-05 21:39:41', 1),
(219, 35, '2025-04-05 21:58:45', 2),
(220, 31, '2025-04-06 19:07:53', 3),
(221, 31, '2025-04-06 19:10:03', 4),
(222, 33, '2025-04-06 19:39:31', 5),
(223, 35, '2025-04-06 21:55:22', 6),
(224, 33, '2025-04-07 18:54:51', 2),
(225, 29, '2025-04-07 19:17:53', 5),
(226, 36, '2025-04-07 22:50:31', 3),
(227, 32, '2025-04-08 10:35:47', 5),
(228, 37, '2025-03-31 20:45:39', 6),
(229, 38, '2025-03-31 21:22:56', 6),
(230, 38, '2025-03-31 21:25:58', 1),
(231, 39, '2025-03-31 21:27:00', 1),
(232, 38, '2025-03-31 21:30:31', 1),
(233, 40, '2025-04-01 20:41:09', 1),
(234, 41, '2025-04-02 10:01:52', 6),
(235, 41, '2025-04-02 10:02:45', 2),
(236, 38, '2025-04-02 21:34:34', 6),
(237, 38, '2025-04-02 21:37:22', 3),
(238, 40, '2025-04-02 23:21:02', 1),
(239, 39, '2025-04-03 00:25:50', 2),
(240, 37, '2025-04-03 18:43:26', 5),
(241, 37, '2025-04-03 18:45:43', 3),
(242, 37, '2025-04-03 18:48:41', 2),
(243, 40, '2025-04-03 23:41:55', 5),
(244, 40, '2025-04-03 23:42:39', 4),
(245, 39, '2025-04-04 01:36:32', 5),
(246, 38, '2025-04-04 18:28:50', 1),
(247, 38, '2025-04-04 18:30:14', 6),
(248, 38, '2025-04-04 18:38:03', 5),
(249, 38, '2025-04-05 20:32:27', 3),
(250, 40, '2025-04-05 23:34:50', 2),
(251, 40, '2025-04-05 23:35:39', 4),
(252, 40, '2025-04-06 21:22:34', 1),
(253, 38, '2025-04-06 21:41:11', 5),
(254, 37, '2025-04-06 23:16:07', 2),
(255, 39, '2025-04-06 23:24:58', 6),
(256, 38, '2025-04-07 20:54:27', 3),
(257, 38, '2025-04-07 20:56:30', 4),
(258, 40, '2025-04-07 23:18:52', 6),
(259, 37, '2025-04-07 23:35:40', 6),
(260, 39, '2025-04-07 23:44:34', 3),
(261, 42, '2025-04-08 11:53:25', 2),
(262, 43, '2025-03-31 21:26:13', 6),
(263, 44, '2025-03-31 22:18:25', 2),
(264, 45, '2025-03-31 22:28:18', 5),
(265, 45, '2025-03-31 22:35:55', 5),
(266, 46, '2025-03-31 23:48:18', 5),
(267, 46, '2025-04-01 19:13:32', 1),
(268, 43, '2025-04-01 19:47:36', 4),
(269, 44, '2025-04-01 20:01:56', 6),
(270, 44, '2025-04-01 20:03:53', 1),
(271, 47, '2025-04-01 20:59:58', 5),
(272, 47, '2025-04-01 21:00:46', 5),
(273, 47, '2025-04-01 21:03:14', 6),
(274, 45, '2025-04-01 22:59:43', 1),
(275, 45, '2025-04-01 23:24:01', 2),
(276, 46, '2025-04-02 18:58:27', 1),
(277, 48, '2025-04-02 20:50:48', 5),
(278, 43, '2025-04-02 21:18:31', 1),
(279, 45, '2025-04-02 21:47:32', 5),
(280, 45, '2025-04-02 21:48:41', 6),
(281, 47, '2025-04-02 22:22:42', 5),
(282, 47, '2025-04-02 22:23:14', 4),
(283, 44, '2025-04-02 22:34:02', 3),
(284, 44, '2025-04-02 22:35:04', 5),
(285, 46, '2025-04-03 20:08:36', 2),
(286, 43, '2025-04-03 20:15:05', 3),
(287, 43, '2025-04-03 20:15:33', 1),
(288, 48, '2025-04-03 21:29:24', 3),
(289, 47, '2025-04-03 22:18:31', 3),
(290, 47, '2025-04-03 22:19:14', 5),
(291, 47, '2025-04-03 22:19:34', 3),
(292, 44, '2025-04-03 22:34:25', 6),
(293, 44, '2025-04-03 22:35:35', 2),
(294, 45, '2025-04-03 23:27:04', 2),
(295, 45, '2025-04-04 17:35:16', 5),
(296, 43, '2025-04-04 19:47:07', 4),
(297, 46, '2025-04-04 20:04:15', 3),
(298, 49, '2025-04-04 20:44:28', 2),
(299, 48, '2025-04-04 21:54:26', 1),
(300, 47, '2025-04-04 22:35:19', 5),
(301, 47, '2025-04-04 22:37:24', 3),
(302, 46, '2025-04-05 19:34:56', 3),
(303, 43, '2025-04-05 20:02:22', 1),
(304, 48, '2025-04-05 21:57:12', 2),
(305, 44, '2025-04-05 22:41:55', 1),
(306, 44, '2025-04-05 22:42:50', 1),
(307, 49, '2025-04-05 23:04:36', 5),
(308, 44, '2025-04-06 22:54:32', 4),
(309, 49, '2025-04-07 05:43:50', 6),
(310, 48, '2025-04-07 19:00:43', 2),
(311, 43, '2025-04-07 20:36:10', 2),
(312, 46, '2025-04-07 22:53:30', 1),
(313, 47, '2025-04-07 23:12:05', 3),
(314, 47, '2025-04-07 23:12:20', 4),
(315, 47, '2025-04-07 23:13:23', 2),
(316, 49, '2025-04-08 13:10:12', 5),
(317, 50, '2025-04-01 20:04:06', 4),
(318, 50, '2025-04-01 20:08:05', 3),
(319, 50, '2025-04-01 20:13:08', 2),
(320, 51, '2025-04-01 20:55:07', 6),
(321, 52, '2025-04-01 23:41:21', 4),
(322, 52, '2025-04-01 23:42:29', 2),
(323, 51, '2025-04-02 13:04:30', 2),
(324, 50, '2025-04-04 04:49:05', 2),
(325, 50, '2025-04-04 23:04:50', 2),
(326, 52, '2025-04-06 23:25:56', 2),
(327, 52, '2025-04-06 23:31:13', 4),
(328, 50, '2025-04-07 00:57:37', 6),
(329, 51, '2025-04-08 13:41:10', 1),
(330, 53, '2025-04-01 22:45:32', 1),
(331, 54, '2025-04-08 14:18:30', 1),
(332, 8, '2025-04-08 19:33:38', 4),
(333, 33, '2025-04-08 20:41:20', 2),
(334, 3, '2025-04-08 20:48:26', 5),
(335, 3, '2025-04-08 20:49:18', 1),
(336, 55, '2025-04-08 20:52:57', 5),
(337, 23, '2025-04-08 20:55:21', 2),
(338, 36, '2025-04-08 20:57:40', 6),
(339, 21, '2025-04-08 20:58:04', 4),
(340, 23, '2025-04-08 20:58:29', 1),
(341, 21, '2025-04-08 20:59:12', 6),
(342, 26, '2025-04-08 21:00:13', 3),
(343, 26, '2025-04-08 21:01:00', 2),
(344, 6, '2025-04-08 21:10:15', 4),
(345, 24, '2025-04-08 21:13:16', 4),
(346, 4, '2025-04-08 21:42:55', 1),
(347, 14, '2025-04-08 22:28:18', 3),
(348, 47, '2025-04-08 22:58:35', 1),
(349, 47, '2025-04-08 22:58:56', 6),
(350, 52, '2025-04-08 23:10:14', 5),
(351, 22, '2025-04-08 23:32:08', 1),
(352, 45, '2025-04-08 23:34:08', 3),
(353, 56, '2025-04-09 03:10:52', 2),
(354, 56, '2025-04-09 03:13:58', 1),
(355, 9, '2025-04-09 04:36:26', 1),
(356, 28, '2025-04-09 06:44:15', 6),
(357, 8, '2025-04-09 18:37:20', 6),
(358, 31, '2025-04-09 19:09:12', 6),
(359, 31, '2025-04-09 19:11:03', 4),
(360, 31, '2025-04-09 19:11:49', 1),
(361, 13, '2025-04-09 20:23:13', 4),
(362, 13, '2025-04-09 20:23:58', 3),
(363, 13, '2025-04-09 20:28:01', 5),
(364, 4, '2025-04-09 20:32:25', 5),
(365, 38, '2025-04-09 20:47:51', 1),
(366, 20, '2025-04-09 20:49:01', 1),
(367, 46, '2025-04-09 20:53:48', 3),
(368, 21, '2025-04-09 20:56:12', 4),
(369, 21, '2025-04-09 20:58:13', 6),
(370, 37, '2025-04-09 21:02:08', 5),
(371, 33, '2025-04-09 21:05:40', 4),
(372, 33, '2025-04-09 21:06:37', 5),
(373, 47, '2025-04-09 21:24:35', 1),
(374, 47, '2025-04-09 21:25:19', 1),
(375, 47, '2025-04-09 21:25:46', 5),
(376, 7, '2025-04-09 21:34:04', 5),
(377, 7, '2025-04-09 21:34:51', 3),
(378, 26, '2025-04-09 21:36:36', 4),
(379, 25, '2025-04-09 21:53:03', 3),
(380, 44, '2025-04-09 21:57:27', 2),
(381, 23, '2025-04-09 22:00:36', 2),
(382, 23, '2025-04-09 22:02:43', 4),
(383, 36, '2025-04-09 22:02:45', 5),
(384, 50, '2025-04-09 22:23:58', 5),
(385, 39, '2025-04-09 22:27:57', 3),
(386, 43, '2025-04-09 22:53:41', 5),
(387, 43, '2025-04-09 22:54:55', 4),
(388, 45, '2025-04-09 22:55:07', 3),
(389, 45, '2025-04-09 22:56:10', 4),
(390, 22, '2025-04-09 23:19:16', 1),
(391, 6, '2025-04-09 23:19:23', 2),
(392, 22, '2025-04-09 23:19:43', 3),
(393, 22, '2025-04-09 23:20:28', 2),
(394, 28, '2025-04-10 07:41:18', 2),
(395, 14, '2025-04-10 08:38:37', 3),
(396, 14, '2025-04-10 08:39:39', 2),
(397, 24, '2025-04-10 09:24:14', 2),
(398, 24, '2025-04-10 09:39:21', 1),
(399, 56, '2025-04-10 10:42:25', 5),
(400, 51, '2025-04-10 10:55:54', 3),
(401, 56, '2025-04-10 10:56:08', 2),
(402, 56, '2025-04-10 10:57:11', 4),
(403, 52, '2025-04-10 11:35:40', 2),
(404, 30, '2025-04-10 13:59:50', 1),
(405, 17, '2025-04-10 19:30:29', 3),
(406, 17, '2025-04-10 19:31:18', 5),
(407, 13, '2025-04-10 20:05:23', 5),
(408, 13, '2025-04-10 20:06:20', 3),
(409, 13, '2025-04-10 20:08:19', 6),
(410, 57, '2025-04-10 20:09:02', 2),
(411, 57, '2025-04-10 20:09:39', 2),
(412, 57, '2025-04-10 20:10:09', 1),
(413, 13, '2025-04-10 20:11:27', 5),
(414, 21, '2025-04-10 20:20:31', 1),
(415, 21, '2025-04-10 20:21:20', 5),
(416, 33, '2025-04-10 20:25:33', 1),
(417, 31, '2025-04-10 20:29:30', 6),
(418, 31, '2025-04-10 20:30:46', 3),
(419, 22, '2025-04-10 20:36:43', 4),
(420, 4, '2025-04-10 20:45:01', 1),
(421, 46, '2025-04-10 20:46:51', 6),
(422, 4, '2025-04-10 20:47:25', 6),
(423, 43, '2025-04-10 20:49:45', 5),
(424, 38, '2025-04-10 21:20:04', 4),
(425, 52, '2025-04-10 21:24:51', 2),
(426, 25, '2025-04-10 21:50:02', 1),
(427, 36, '2025-04-10 21:59:29', 1),
(428, 48, '2025-04-10 22:23:28', 1),
(429, 9, '2025-04-10 22:34:18', 3),
(430, 58, '2025-04-10 22:45:39', 5),
(431, 8, '2025-04-10 22:48:39', 5),
(432, 7, '2025-04-10 22:49:14', 2),
(433, 58, '2025-04-10 22:49:28', 4),
(434, 3, '2025-04-10 22:49:33', 3),
(435, 58, '2025-04-10 22:50:45', 6),
(436, 7, '2025-04-10 22:51:14', 5),
(437, 3, '2025-04-10 22:52:06', 3),
(438, 58, '2025-04-10 22:53:07', 1),
(439, 3, '2025-04-10 22:55:10', 2),
(440, 3, '2025-04-10 22:59:52', 3),
(441, 3, '2025-04-10 23:03:56', 2),
(442, 1, '2025-04-10 23:25:58', 5),
(443, 1, '2025-04-10 23:27:53', 6),
(444, 37, '2025-04-10 23:28:25', 1),
(445, 6, '2025-04-10 23:28:30', 6),
(446, 45, '2025-04-10 23:30:24', 4),
(447, 45, '2025-04-10 23:31:13', 4),
(448, 39, '2025-04-10 23:31:36', 6),
(449, 3, '2025-04-11 05:07:22', 6),
(450, 3, '2025-04-11 05:09:33', 2),
(451, 3, '2025-04-11 05:11:00', 6),
(452, 28, '2025-04-11 09:59:43', 4),
(453, 31, '2025-04-11 11:12:40', 1),
(454, 27, '2025-04-11 15:37:21', 3),
(455, 59, '2025-04-11 15:37:30', 6),
(456, 56, '2025-04-11 17:04:53', 3),
(457, 56, '2025-04-11 17:06:21', 2),
(458, 56, '2025-04-11 17:06:53', 4),
(459, 56, '2025-04-11 17:09:49', 2),
(460, 56, '2025-04-11 17:13:03', 2),
(461, 38, '2025-04-11 18:54:24', 5),
(462, 1, '2025-04-11 19:01:05', 3),
(463, 1, '2025-04-11 19:02:40', 2),
(464, 21, '2025-04-11 20:06:15', 4),
(465, 21, '2025-04-11 20:07:12', 5),
(466, 20, '2025-04-11 20:42:07', 2),
(467, 44, '2025-04-11 21:11:47', 4),
(468, 23, '2025-04-11 21:28:11', 6),
(469, 23, '2025-04-11 21:29:18', 1),
(470, 23, '2025-04-11 21:32:22', 2),
(471, 47, '2025-04-11 21:36:25', 1),
(472, 47, '2025-04-11 21:36:42', 4),
(473, 10, '2025-04-11 21:48:13', 6),
(474, 60, '2025-04-11 21:50:03', 4),
(475, 58, '2025-04-11 21:53:12', 1),
(476, 60, '2025-04-11 21:53:37', 3),
(477, 58, '2025-04-11 21:53:57', 4),
(478, 58, '2025-04-11 21:54:35', 6),
(479, 58, '2025-04-11 21:55:10', 2),
(480, 58, '2025-04-11 21:56:06', 6),
(481, 60, '2025-04-11 21:57:03', 1),
(482, 58, '2025-04-11 21:57:54', 6),
(483, 60, '2025-04-11 21:58:21', 6),
(484, 8, '2025-04-11 22:05:41', 6),
(485, 14, '2025-04-11 22:20:08', 1),
(486, 33, '2025-04-11 22:35:13', 4),
(487, 52, '2025-04-11 23:25:02', 2),
(488, 3, '2025-04-12 05:12:44', 3),
(489, 3, '2025-04-12 05:13:24', 6),
(490, 3, '2025-04-12 05:14:03', 5),
(491, 3, '2025-04-12 05:14:35', 2),
(492, 49, '2025-04-12 16:01:17', 4),
(493, 46, '2025-04-12 18:41:26', 2),
(494, 6, '2025-04-12 20:03:29', 2),
(495, 21, '2025-04-12 20:11:03', 3),
(496, 21, '2025-04-12 20:11:31', 1),
(497, 38, '2025-04-12 20:49:58', 1),
(498, 20, '2025-04-12 21:05:21', 3),
(499, 20, '2025-04-12 21:05:56', 2),
(500, 8, '2025-04-12 21:46:13', 5),
(501, 1, '2025-04-12 22:05:20', 1),
(502, 1, '2025-04-12 22:06:50', 3),
(503, 10, '2025-04-12 22:13:28', 3),
(504, 14, '2025-04-12 22:22:50', 5),
(505, 28, '2025-04-12 22:25:48', 2),
(506, 44, '2025-04-12 22:31:26', 6),
(507, 45, '2025-04-12 22:44:19', 4),
(508, 45, '2025-04-12 22:45:49', 6),
(509, 47, '2025-04-12 22:47:28', 6),
(510, 47, '2025-04-12 22:47:44', 5),
(511, 40, '2025-04-12 23:13:59', 3),
(512, 3, '2025-04-12 23:14:29', 2),
(513, 40, '2025-04-12 23:14:39', 1),
(514, 3, '2025-04-12 23:15:42', 2),
(515, 3, '2025-04-12 23:17:17', 3),
(516, 3, '2025-04-13 00:16:03', 1),
(517, 58, '2025-04-13 09:41:25', 1),
(518, 58, '2025-04-13 09:42:08', 4),
(519, 58, '2025-04-13 09:42:40', 6),
(520, 58, '2025-04-13 09:44:14', 6),
(521, 58, '2025-04-13 09:45:41', 6),
(522, 58, '2025-04-13 09:46:16', 5),
(523, 58, '2025-04-13 09:46:49', 6),
(524, 56, '2025-04-13 13:50:10', 6),
(525, 56, '2025-04-13 13:50:50', 1),
(526, 56, '2025-04-13 13:51:30', 4),
(527, 56, '2025-04-13 13:53:17', 5),
(528, 26, '2025-04-13 17:28:13', 3),
(529, 3, '2025-04-13 18:19:34', 5),
(530, 36, '2025-04-13 19:16:22', 3),
(531, 49, '2025-04-13 20:05:03', 5),
(532, 61, '2025-04-13 20:18:28', 5),
(533, 61, '2025-04-13 20:26:12', 6),
(534, 60, '2025-04-13 20:29:30', 6),
(535, 60, '2025-04-13 20:29:53', 2),
(536, 60, '2025-04-13 20:30:13', 3),
(537, 60, '2025-04-13 20:30:37', 1),
(538, 58, '2025-04-13 20:31:47', 1),
(539, 58, '2025-04-13 20:34:36', 4),
(540, 58, '2025-04-13 20:35:08', 3),
(541, 58, '2025-04-13 20:35:49', 1),
(542, 58, '2025-04-13 20:36:58', 3),
(543, 28, '2025-04-13 20:55:50', 5),
(544, 31, '2025-04-13 21:24:22', 3),
(545, 21, '2025-04-13 21:24:37', 3),
(546, 21, '2025-04-13 21:25:18', 2),
(547, 31, '2025-04-13 21:26:45', 6),
(548, 20, '2025-04-13 21:30:36', 3),
(549, 33, '2025-04-13 22:43:54', 5),
(550, 8, '2025-04-13 22:50:46', 5),
(551, 8, '2025-04-13 22:52:42', 5),
(552, 44, '2025-04-13 22:53:41', 1),
(553, 1, '2025-04-13 23:58:22', 3),
(554, 6, '2025-04-14 19:41:04', 3),
(555, 34, '2025-04-14 19:44:27', 1),
(556, 25, '2025-04-14 20:13:43', 6),
(557, 21, '2025-04-14 21:32:32', 2),
(558, 21, '2025-04-14 21:33:41', 1),
(559, 20, '2025-04-14 21:36:49', 5),
(560, 1, '2025-04-14 21:38:52', 4),
(561, 3, '2025-04-14 21:39:06', 1),
(562, 3, '2025-04-14 21:39:58', 6),
(563, 1, '2025-04-14 21:40:11', 2),
(564, 3, '2025-04-14 21:40:43', 2),
(565, 22, '2025-04-14 21:40:59', 4),
(566, 22, '2025-04-14 21:41:32', 5),
(567, 22, '2025-04-14 21:42:02', 3),
(568, 36, '2025-04-14 21:42:44', 4),
(569, 23, '2025-04-14 21:45:38', 4),
(570, 23, '2025-04-14 21:46:19', 1),
(571, 23, '2025-04-14 21:47:18', 4),
(572, 8, '2025-04-14 22:12:38', 5),
(573, 24, '2025-04-14 23:11:53', 6),
(574, 24, '2025-04-14 23:13:02', 5),
(575, 45, '2025-04-14 23:43:02', 1),
(576, 45, '2025-04-14 23:44:40', 2),
(577, 49, '2025-04-15 12:45:18', 5),
(578, 48, '2025-04-15 15:09:26', 4),
(579, 10, '2025-04-15 16:51:45', 3),
(580, 28, '2025-04-15 19:05:17', 1),
(581, 6, '2025-04-15 19:49:33', 2),
(582, 20, '2025-04-15 20:01:48', 1),
(583, 20, '2025-04-15 20:02:36', 1),
(584, 21, '2025-04-15 20:06:22', 5),
(585, 21, '2025-04-15 20:07:17', 3),
(586, 22, '2025-04-15 20:08:19', 5),
(587, 32, '2025-04-15 20:08:37', 1),
(588, 1, '2025-04-15 20:08:38', 6),
(589, 22, '2025-04-15 20:08:56', 5),
(590, 36, '2025-04-15 20:09:11', 5),
(591, 40, '2025-04-15 20:10:46', 5),
(592, 7, '2025-04-15 21:02:38', 6),
(593, 44, '2025-04-15 21:28:25', 6),
(594, 8, '2025-04-15 22:02:04', 5),
(595, 26, '2025-04-15 22:31:14', 4),
(596, 37, '2025-04-15 22:39:09', 5),
(597, 66, '2025-04-15 23:03:33', 1),
(598, 4, '2025-04-15 23:06:36', 4),
(599, 58, '2025-04-15 23:30:12', 1),
(600, 58, '2025-04-15 23:30:37', 1),
(601, 60, '2025-04-15 23:31:10', 5),
(602, 58, '2025-04-15 23:31:38', 5),
(603, 50, '2025-04-15 23:32:05', 3),
(604, 58, '2025-04-15 23:32:09', 6),
(605, 58, '2025-04-15 23:33:31', 1),
(606, 24, '2025-04-15 23:35:41', 6),
(607, 38, '2025-04-15 23:38:34', 1),
(608, 47, '2025-04-16 00:23:13', 2),
(609, 47, '2025-04-16 00:23:33', 6),
(610, 31, '2025-04-16 06:03:46', 5),
(611, 31, '2025-04-16 06:05:30', 2),
(612, 31, '2025-04-16 06:06:05', 2),
(613, 29, '2025-04-16 10:17:52', 3),
(614, 20, '2025-04-16 10:32:52', 3),
(615, 1, '2025-04-16 18:21:03', 2),
(616, 21, '2025-04-16 20:11:46', 5),
(617, 21, '2025-04-16 20:12:31', 3),
(618, 31, '2025-04-16 20:40:53', 6),
(619, 13, '2025-04-16 21:50:29', 1),
(620, 13, '2025-04-16 21:51:59', 6),
(621, 13, '2025-04-16 21:52:27', 6),
(622, 8, '2025-04-16 22:01:48', 2),
(623, 26, '2025-04-16 22:24:24', 4),
(624, 62, '2025-04-16 23:19:10', 1),
(625, 63, '2025-04-16 23:33:36', 4),
(626, 24, '2025-04-16 23:42:30', 2),
(627, 49, '2025-04-17 05:12:21', 5),
(628, 3, '2025-04-17 11:41:44', 4),
(629, 3, '2025-04-17 11:42:38', 6),
(630, 3, '2025-04-17 11:43:24', 6),
(631, 7, '2025-04-17 18:47:42', 6),
(632, 7, '2025-04-17 18:48:23', 1),
(633, 7, '2025-04-17 18:49:00', 1),
(634, 7, '2025-04-17 18:50:33', 3),
(635, 7, '2025-04-17 18:51:08', 3),
(636, 7, '2025-04-17 18:52:29', 4),
(637, 7, '2025-04-17 18:54:36', 2),
(638, 7, '2025-04-17 18:55:27', 5),
(639, 6, '2025-04-17 19:00:19', 2),
(640, 20, '2025-04-17 20:53:46', 3),
(641, 20, '2025-04-17 20:54:38', 6),
(642, 46, '2025-04-17 21:07:44', 2),
(643, 21, '2025-04-17 21:09:36', 2),
(644, 21, '2025-04-17 21:10:34', 6),
(645, 43, '2025-04-17 21:11:40', 5),
(646, 44, '2025-04-17 21:52:21', 4),
(647, 8, '2025-04-17 22:17:54', 6),
(648, 33, '2025-04-17 22:52:30', 1),
(649, 45, '2025-04-17 22:57:50', 1),
(650, 45, '2025-04-17 22:58:37', 2),
(651, 4, '2025-04-17 23:37:24', 4),
(652, 47, '2025-04-18 06:45:15', 1),
(653, 47, '2025-04-18 06:45:43', 5),
(654, 47, '2025-04-18 06:46:02', 5),
(655, 48, '2025-04-18 19:38:43', 2),
(656, 36, '2025-04-18 21:18:57', 1),
(657, 8, '2025-04-18 21:57:38', 3),
(658, 21, '2025-04-18 22:32:35', 5),
(659, 21, '2025-04-18 22:33:09', 3),
(660, 40, '2025-04-18 22:46:35', 6),
(661, 60, '2025-04-18 22:53:56', 4),
(662, 60, '2025-04-18 22:54:31', 4),
(663, 60, '2025-04-18 22:57:21', 4),
(664, 60, '2025-04-18 22:57:41', 2),
(665, 60, '2025-04-18 22:58:06', 4),
(666, 60, '2025-04-18 22:58:29', 6),
(667, 24, '2025-04-18 23:13:12', 1),
(668, 17, '2025-04-18 23:20:08', 2),
(669, 45, '2025-04-18 23:34:44', 5),
(670, 45, '2025-04-18 23:36:41', 5),
(671, 23, '2025-04-18 23:37:32', 4),
(672, 23, '2025-04-18 23:38:46', 3),
(673, 58, '2025-04-18 23:38:59', 5),
(674, 23, '2025-04-18 23:39:27', 2),
(675, 58, '2025-04-18 23:46:34', 5),
(676, 58, '2025-04-18 23:47:45', 5),
(677, 58, '2025-04-18 23:50:15', 6),
(678, 58, '2025-04-18 23:51:10', 3),
(679, 31, '2025-04-19 14:59:07', 4),
(680, 3, '2025-04-19 18:23:32', 6),
(681, 3, '2025-04-19 18:23:55', 1),
(682, 26, '2025-04-19 20:52:07', 4),
(683, 23, '2025-04-19 21:41:55', 5),
(684, 8, '2025-04-19 21:43:23', 6),
(685, 22, '2025-04-19 22:28:33', 6),
(686, 22, '2025-04-19 22:29:14', 2),
(687, 22, '2025-04-19 22:29:40', 5),
(688, 49, '2025-04-19 22:29:49', 3),
(689, 27, '2025-04-20 16:43:03', 2),
(690, 43, '2025-04-20 21:00:41', 3),
(691, 46, '2025-04-20 21:00:59', 5),
(692, 36, '2025-04-20 22:58:40', 1),
(693, 22, '2025-04-20 23:17:06', 6),
(694, 22, '2025-04-20 23:17:27', 5),
(695, 48, '2025-04-20 23:40:28', 2),
(696, 8, '2025-04-21 01:53:55', 5),
(697, 3, '2025-04-21 09:23:29', 6),
(698, 3, '2025-04-21 09:24:12', 4),
(699, 26, '2025-04-21 16:31:27', 4),
(700, 24, '2025-04-21 21:02:54', 6),
(701, 36, '2025-04-21 21:15:36', 5),
(702, 8, '2025-04-21 21:42:40', 4),
(703, 23, '2025-04-21 21:53:24', 3),
(704, 23, '2025-04-21 21:54:12', 3),
(705, 45, '2025-04-21 22:14:25', 6),
(706, 45, '2025-04-21 22:15:34', 3),
(707, 47, '2025-04-21 22:47:17', 4),
(708, 49, '2025-04-21 22:58:12', 2),
(709, 6, '2025-04-21 23:07:28', 4),
(710, 4, '2025-04-21 23:18:02', 5),
(711, 22, '2025-04-21 23:54:36', 1),
(712, 26, '2025-04-22 12:52:46', 3),
(713, 48, '2025-04-22 20:27:03', 3),
(714, 20, '2025-04-22 20:54:03', 5),
(715, 21, '2025-04-22 20:54:05', 6),
(716, 20, '2025-04-22 20:54:24', 4),
(717, 20, '2025-04-22 20:55:00', 4),
(718, 21, '2025-04-22 20:55:06', 6),
(719, 8, '2025-04-22 21:09:39', 1),
(720, 45, '2025-04-22 23:58:06', 1),
(721, 23, '2025-04-23 00:29:06', 1),
(722, 23, '2025-04-23 00:30:25', 3),
(723, 28, '2025-04-23 16:03:19', 6),
(724, 26, '2025-04-23 18:38:56', 4),
(725, 20, '2025-04-23 20:20:45', 6),
(726, 21, '2025-04-23 20:20:48', 6),
(727, 20, '2025-04-23 20:21:07', 5),
(728, 21, '2025-04-23 20:22:49', 6),
(729, 10, '2025-04-23 21:01:06', 2),
(730, 10, '2025-04-23 21:01:46', 3),
(731, 10, '2025-04-23 21:02:49', 6),
(732, 10, '2025-04-23 21:03:41', 5),
(733, 8, '2025-04-23 21:04:32', 6),
(734, 36, '2025-04-23 21:26:54', 2),
(735, 47, '2025-04-23 22:35:43', 2),
(736, 36, '2025-04-23 21:26:54', 4),
(737, 22, '2025-04-23 23:16:42', 4),
(738, 31, '2025-04-24 06:59:03', 2),
(739, 46, '2025-04-24 11:30:01', 3),
(740, 6, '2025-04-24 19:45:15', 1),
(741, 21, '2025-04-24 20:04:41', 6),
(742, 21, '2025-04-24 20:05:18', 5),
(743, 43, '2025-04-24 20:49:15', 1),
(744, 8, '2025-04-24 21:33:15', 1),
(745, 24, '2025-04-24 22:45:27', 4),
(746, 26, '2025-04-25 13:44:53', 3),
(747, 14, '2025-04-25 14:01:55', 3),
(748, 14, '2025-04-25 14:03:31', 6),
(749, 14, '2025-04-25 14:05:22', 1),
(750, 17, '2025-04-25 18:25:55', 1),
(751, 17, '2025-04-25 18:26:29', 6),
(752, 10, '2025-04-25 19:18:59', 3),
(753, 10, '2025-04-25 19:19:30', 4),
(754, 4, '2025-04-25 20:30:09', 4),
(755, 8, '2025-04-25 21:19:08', 5),
(756, 36, '2025-04-25 23:59:32', 2),
(757, 14, '2025-04-26 20:50:57', 4),
(758, 14, '2025-04-26 20:52:01', 3),
(759, 14, '2025-04-26 20:52:50', 1),
(760, 26, '2025-04-26 21:17:49', 4),
(761, 17, '2025-04-26 22:02:47', 6),
(762, 17, '2025-04-26 22:03:17', 4),
(763, 13, '2025-04-26 22:40:06', 5),
(764, 13, '2025-04-26 22:42:21', 6),
(765, 4, '2025-04-26 22:43:49', 6),
(766, 21, '2025-04-26 23:20:54', 6),
(767, 21, '2025-04-26 23:21:45', 1),
(768, 47, '2025-04-27 01:37:52', 1),
(769, 47, '2025-04-27 01:38:07', 2),
(770, 47, '2025-04-27 01:38:24', 4),
(771, 8, '2025-04-27 06:32:45', 5),
(772, 17, '2025-04-27 14:02:46', 5),
(773, 26, '2025-04-27 20:07:57', 1),
(774, 10, '2025-04-27 20:50:52', 5),
(775, 10, '2025-04-27 20:52:43', 5),
(776, 4, '2025-04-27 21:29:00', 5),
(777, 4, '2025-04-27 21:31:57', 5),
(778, 43, '2025-04-27 21:33:42', 2),
(779, 8, '2025-04-27 22:08:20', 4),
(780, 36, '2025-04-27 23:19:58', 2),
(781, 21, '2025-04-27 23:37:56', 3),
(782, 21, '2025-04-27 23:38:36', 2),
(783, 22, '2025-04-27 23:49:23', 6),
(784, 45, '2025-04-27 23:50:06', 3),
(785, 22, '2025-04-27 23:50:16', 5),
(786, 22, '2025-04-27 23:51:25', 1),
(787, 33, '2025-04-27 23:51:54', 4),
(788, 22, '2025-04-27 23:53:12', 5),
(789, 47, '2025-04-28 09:14:13', 5),
(790, 47, '2025-04-28 09:14:31', 1),
(791, 62, '2025-04-28 18:23:12', 6),
(792, 31, '2025-04-28 18:33:58', 3),
(793, 36, '2025-04-28 21:23:35', 4),
(794, 20, '2025-04-28 21:31:04', 5),
(795, 20, '2025-04-28 21:31:27', 6),
(796, 23, '2025-04-28 22:56:57', 3),
(797, 23, '2025-04-28 22:59:13', 2),
(798, 8, '2025-04-28 23:46:31', 5),
(799, 22, '2025-04-28 23:49:17', 2),
(800, 22, '2025-04-28 23:49:44', 2),
(801, 22, '2025-04-28 23:50:10', 1),
(802, 26, '2025-04-29 08:33:11', 4),
(803, 64, '2025-04-29 20:21:38', 6),
(804, 8, '2025-04-30 04:25:39', 4),
(805, 50, '2025-04-30 19:53:37', 6),
(806, 8, '2025-04-30 21:45:31', 2),
(807, 45, '2025-04-30 22:12:00', 6),
(808, 45, '2025-04-30 22:13:02', 2),
(809, 44, '2025-04-30 22:30:43', 5),
(810, 24, '2025-04-30 23:31:27', 2),
(811, 22, '2025-04-30 23:48:11', 6),
(812, 4, '2025-04-30 23:49:58', 1),
(813, 38, '2025-05-01 00:01:06', 6),
(814, 4, '2025-05-01 22:43:00', 1),
(815, 36, '2025-05-01 23:03:48', 4),
(816, 47, '2025-05-02 00:05:43', 4),
(817, 47, '2025-05-02 00:05:57', 6),
(818, 8, '2025-05-02 04:59:29', 4),
(819, 7, '2025-05-02 11:52:21', 1),
(820, 7, '2025-05-02 11:53:48', 5),
(821, 7, '2025-05-02 11:54:25', 2),
(822, 7, '2025-05-02 11:56:24', 3),
(823, 7, '2025-05-02 11:57:04', 6),
(824, 7, '2025-05-02 11:57:36', 6),
(825, 7, '2025-05-02 11:58:24', 1),
(826, 7, '2025-05-02 11:59:35', 4),
(827, 7, '2025-05-02 12:00:08', 3),
(828, 7, '2025-05-02 12:00:46', 4),
(829, 7, '2025-05-02 12:02:25', 3),
(830, 7, '2025-05-02 12:03:04', 2),
(831, 7, '2025-05-02 12:03:37', 1),
(832, 7, '2025-05-02 12:04:08', 1),
(833, 50, '2025-05-02 21:20:46', 2),
(834, 8, '2025-05-02 23:40:10', 5),
(835, 36, '2025-05-02 23:52:38', 2),
(836, 7, '2025-05-03 21:01:59', 2),
(837, 8, '2025-05-03 22:32:37', 4),
(838, 45, '2025-05-03 23:17:31', 3),
(839, 45, '2025-05-03 23:18:19', 5),
(840, 36, '2025-05-03 23:42:44', 6),
(841, 22, '2025-05-03 23:47:58', 4),
(842, 22, '2025-05-03 23:48:34', 2),
(843, 22, '2025-05-03 23:49:05', 4),
(844, 22, '2025-05-03 23:50:16', 1),
(845, 44, '2025-05-04 17:07:18', 2),
(846, 7, '2025-05-04 21:07:14', 6),
(847, 8, '2025-05-04 22:00:05', 5),
(848, 45, '2025-05-04 23:20:14', 6),
(849, 45, '2025-05-04 23:30:53', 1),
(850, 22, '2025-05-04 23:48:05', 2),
(851, 22, '2025-05-04 23:48:44', 1),
(852, 31, '2025-05-05 20:53:17', 5),
(853, 7, '2025-05-05 21:01:09', 1),
(854, 26, '2025-05-05 21:24:42', 2),
(855, 28, '2025-05-05 21:25:15', 4),
(856, 8, '2025-05-05 22:04:29', 2),
(857, 45, '2025-05-05 23:39:07', 2),
(858, 45, '2025-05-05 23:40:01', 1),
(859, 16, '2025-05-06 13:44:51', 6),
(860, 65, '2025-05-06 16:45:39', 4),
(861, 33, '2025-05-06 21:36:21', 6),
(862, 8, '2025-05-06 22:14:42', 2),
(863, 4, '2025-05-06 22:34:51', 5),
(864, 26, '2025-05-07 19:50:54', 3),
(865, 45, '2025-05-07 20:19:24', 6),
(866, 45, '2025-05-07 20:20:12', 1),
(867, 36, '2025-05-07 20:42:52', 1),
(868, 7, '2025-05-07 21:01:35', 2),
(869, 8, '2025-05-07 21:48:28', 4),
(870, 43, '2025-05-08 07:37:49', 3),
(871, 43, '2025-05-08 07:38:38', 6),
(872, 7, '2025-05-08 21:18:16', 6),
(873, 22, '2025-05-08 23:06:47', 5),
(874, 22, '2025-05-08 23:07:28', 4),
(875, 22, '2025-05-08 23:07:52', 1),
(876, 22, '2025-05-08 23:08:13', 4),
(877, 8, '2025-05-08 23:21:01', 5),
(878, 33, '2025-05-08 23:51:04', 6),
(879, 45, '2025-05-08 23:56:46', 6),
(880, 26, '2025-05-09 20:01:54', 4),
(881, 8, '2025-05-09 21:08:42', 5),
(882, 36, '2025-05-09 21:46:24', 1),
(883, 45, '2025-05-09 23:42:02', 4),
(884, 47, '2025-05-10 06:15:36', 6),
(885, 47, '2025-05-10 06:15:58', 4),
(886, 7, '2025-05-10 20:43:09', 3),
(887, 7, '2025-05-10 20:45:00', 1),
(888, 4, '2025-05-10 21:36:04', 3),
(889, 36, '2025-05-10 22:09:53', 1),
(890, 8, '2025-05-10 22:16:25', 6),
(891, 24, '2025-05-10 23:04:05', 6),
(892, 8, '2025-05-11 21:42:34', 2),
(893, 36, '2025-05-11 22:10:40', 5),
(894, 26, '2025-05-11 23:46:01', 6),
(895, 64, '2025-05-12 18:51:31', 1),
(896, 7, '2025-05-12 21:15:36', 3),
(897, 7, '2025-05-12 21:16:07', 3),
(898, 8, '2025-05-12 21:27:56', 2),
(899, 4, '2025-05-12 23:16:57', 1),
(900, 45, '2025-05-12 23:44:35', 5),
(901, 45, '2025-05-12 23:45:30', 1),
(902, 22, '2025-05-12 23:54:44', 2),
(903, 22, '2025-05-12 23:54:57', 4),
(904, 22, '2025-05-12 23:55:16', 2),
(905, 65, '2025-05-13 20:46:58', 2),
(906, 65, '2025-05-13 20:48:24', 1),
(907, 65, '2025-05-13 21:00:42', 5),
(908, 27, '2025-05-13 21:30:22', 4),
(909, 33, '2025-05-13 21:32:08', 3),
(910, 36, '2025-05-13 21:32:58', 2),
(911, 24, '2025-05-13 22:07:46', 2),
(912, 58, '2025-05-13 22:13:38', 3),
(913, 58, '2025-05-13 22:14:04', 3),
(914, 58, '2025-05-13 22:14:37', 3),
(915, 58, '2025-05-13 22:16:32', 3),
(916, 58, '2025-05-13 22:19:14', 4),
(917, 44, '2025-05-13 22:41:53', 4),
(918, 45, '2025-05-13 23:51:15', 2),
(919, 8, '2025-05-14 00:09:06', 3),
(920, 28, '2025-05-14 07:11:55', 1),
(921, 27, '2025-05-14 07:15:48', 4),
(922, 24, '2025-05-14 14:23:49', 2),
(923, 8, '2025-05-14 21:30:13', 4),
(924, 45, '2025-05-14 23:29:28', 5),
(925, 29, '2025-05-15 18:45:42', 1),
(926, 53, '2025-05-15 20:42:25', 6),
(927, 8, '2025-05-15 20:57:54', 3),
(928, 7, '2025-05-15 21:07:56', 3),
(929, 7, '2025-05-15 21:08:25', 5),
(930, 7, '2025-05-15 21:08:52', 5),
(931, 45, '2025-05-15 22:47:19', 4),
(932, 45, '2025-05-15 22:48:03', 1),
(933, 22, '2025-05-15 23:48:14', 3),
(934, 22, '2025-05-15 23:48:40', 3),
(935, 22, '2025-05-15 23:49:00', 4),
(936, 22, '2025-05-15 23:49:22', 3),
(937, 8, '2025-05-16 21:37:26', 1),
(938, 50, '2025-05-16 22:01:49', 1),
(939, 22, '2025-05-16 23:43:13', 4),
(940, 45, '2025-05-16 23:53:25', 2),
(941, 28, '2025-05-17 19:35:23', 2),
(942, 4, '2025-05-17 20:33:23', 4),
(943, 8, '2025-05-17 23:22:30', 5),
(944, 45, '2025-05-17 23:38:09', 3),
(945, 67, '2025-05-18 18:33:43', 1),
(946, 7, '2025-05-18 18:56:40', 5),
(947, 7, '2025-05-18 18:57:16', 1),
(948, 7, '2025-05-18 18:57:54', 6),
(949, 6, '2025-05-18 20:02:51', 5),
(950, 8, '2025-05-18 22:08:00', 1),
(951, 22, '2025-05-18 23:26:21', 4),
(952, 45, '2025-05-18 23:42:22', 1),
(953, 65, '2025-05-19 08:56:50', 3),
(954, 32, '2025-05-19 11:27:05', 2),
(955, 32, '2025-05-19 11:27:47', 1),
(956, 32, '2025-05-19 11:36:18', 1),
(957, 32, '2025-05-19 11:39:41', 4),
(958, 32, '2025-05-19 11:41:29', 6),
(959, 32, '2025-05-19 11:43:31', 1),
(960, 29, '2025-05-19 21:01:45', 3),
(961, 28, '2025-05-19 21:02:09', 4),
(962, 8, '2025-05-19 22:14:29', 3),
(963, 22, '2025-05-19 22:51:37', 6),
(964, 22, '2025-05-19 22:52:00', 5),
(965, 65, '2025-05-20 14:10:43', 4),
(966, 10, '2025-05-20 18:08:53', 5),
(967, 10, '2025-05-20 18:23:59', 5),
(968, 10, '2025-05-20 18:24:42', 6),
(969, 10, '2025-05-20 18:25:52', 3),
(970, 10, '2025-05-20 18:26:29', 2),
(971, 28, '2025-05-20 20:22:13', 3),
(972, 8, '2025-05-21 04:57:35', 3),
(973, 7, '2025-05-21 13:49:58', 2),
(974, 7, '2025-05-21 13:50:47', 4),
(975, 8, '2025-05-21 22:31:56', 6),
(976, 22, '2025-05-21 23:50:37', 1),
(977, 22, '2025-05-21 23:51:06', 3),
(978, 8, '2025-05-22 22:57:24', 1),
(979, 26, '2025-05-23 21:49:34', 2),
(980, 8, '2025-05-23 23:14:27', 3),
(981, 8, '2025-05-24 21:59:46', 1),
(982, 22, '2025-05-24 23:54:44', 3),
(983, 22, '2025-05-24 23:55:09', 1),
(984, 22, '2025-05-24 23:55:31', 1),
(985, 28, '2025-05-25 00:21:48', 2),
(986, 26, '2025-05-25 21:29:24', 4),
(987, 8, '2025-05-25 21:46:30', 1),
(988, 22, '2025-05-25 23:46:08', 1),
(989, 22, '2025-05-25 23:46:25', 5),
(990, 8, '2025-05-26 21:36:48', 5),
(991, 8, '2025-05-26 21:37:34', 1),
(992, 22, '2025-05-26 23:46:39', 1),
(993, 8, '2025-05-27 23:27:35', 2),
(994, 28, '2025-05-28 00:23:39', 2),
(995, 65, '2025-05-28 07:45:58', 3),
(996, 65, '2025-05-28 07:46:26', 6),
(997, 65, '2025-05-28 07:47:27', 5),
(998, 42, '2025-05-28 15:37:28', 3),
(999, 42, '2025-05-28 15:40:09', 2),
(1000, 42, '2025-05-28 15:42:00', 5),
(1001, 42, '2025-05-28 15:44:01', 5),
(1002, 8, '2025-05-28 22:30:22', 5),
(1003, 22, '2025-05-28 22:49:12', 2),
(1004, 8, '2025-05-29 21:23:24', 3),
(1005, 10, '2025-05-30 14:41:12', 5),
(1006, 10, '2025-05-30 14:46:31', 6),
(1007, 10, '2025-05-30 14:48:57', 1),
(1008, 10, '2025-05-30 14:49:27', 1),
(1009, 8, '2025-05-30 22:24:54', 4),
(1010, 22, '2025-05-30 23:27:00', 5),
(1011, 10, '2025-05-31 23:35:19', 2),
(1012, 22, '2025-05-31 23:55:45', 6),
(1013, 22, '2025-05-31 23:56:05', 6);

--
-- Triggers `laporan_sampah`
--
DELIMITER $$
CREATE TRIGGER `after_insert_laporan` AFTER INSERT ON `laporan_sampah` FOR EACH ROW BEGIN
    DECLARE v_kelompok_id INT;

    SELECT m.kelompok_id INTO v_kelompok_id
    FROM email e
    JOIN mahasiswa m ON e.mahasiswa_id = m.id
    WHERE e.id = NEW.email_id;

    UPDATE kelompok
    SET total_laporan = (
        SELECT COUNT(*)
        FROM laporan_sampah ls
        JOIN email e ON ls.email_id = e.id
        JOIN mahasiswa m ON e.mahasiswa_id = m.id
        WHERE m.kelompok_id = v_kelompok_id
    )
    WHERE id = v_kelompok_id;
END
$$
DELIMITER ;

-- --------------------------------------------------------

--
-- Table structure for table `lokasi_sampah`
--

CREATE TABLE `lokasi_sampah` (
  `id` int(11) NOT NULL,
  `nama` varchar(100) DEFAULT NULL,
  `keterangan` text DEFAULT NULL
) ENGINE=InnoDB DEFAULT CHARSET=utf8mb4 COLLATE=utf8mb4_general_ci;

--
-- Dumping data for table `lokasi_sampah`
--

INSERT INTO `lokasi_sampah` (`id`, `nama`, `keterangan`) VALUES
(1, 'TPS Sersan Bajuri', 'Jl. Cilimus No.20, Isola, Kec. Sukasari, Kota Bandung, Jawa Barat 40154'),
(2, 'TPS Gegerkalong Tengah', 'Jl. Gegerkalong Tengah Jl. Guru Gantangan No.92, Gegerkalong, Kec. Sukasari, Kota Bandung, Jawa Barat 40153'),
(3, 'TPS Sarijadi', 'Jl. Sarijadi Raya 49-55, Sarijadi, Kec. Sukasari, Kota Bandung, Jawa Barat 40151'),
(4, 'TPS Sukajadi', 'Jl. Sukajadi 36-26, Sukabungah, Kec. Sukajadi, Kota Bandung, Jawa Barat 40162'),
(5, 'TPS Ciumbuleuit', 'Jl. Ciumbuleuit No.167, Ciumbuleuit, Kec. Cidadap, Kota Bandung, Jawa Barat 40143'),
(6, 'TPS Cihampelas', 'Jl. Cihampelas No.242 B, Cipaganti, Kecamatan Coblong, Kota Bandung, Jawa Barat 40131');

-- --------------------------------------------------------

--
-- Table structure for table `mahasiswa`
--

CREATE TABLE `mahasiswa` (
  `id` int(11) NOT NULL,
  `nim` int(11) DEFAULT NULL,
  `nama` varchar(100) DEFAULT NULL,
  `kelompok_id` int(11) DEFAULT NULL,
  `photo` varchar(100) DEFAULT NULL
) ENGINE=InnoDB DEFAULT CHARSET=utf8mb4 COLLATE=utf8mb4_general_ci;

--
-- Dumping data for table `mahasiswa`
--

INSERT INTO `mahasiswa` (`id`, `nim`, `nama`, `kelompok_id`, `photo`) VALUES
(1, 2408521, 'Arya Purnama Sauri', 1, 'img/1.JPG'),
(2, 2404756, 'Willsoon Tulus Parluhutan Simanjutak', 1, 'img/2.JPG'),
(3, 2408487, 'Muhammad Farrel Athaillah', 1, 'img/3.JPG'),
(4, 2432601, 'Hatyja Kakajanova Muhammetmyradovna', 1, 'img/4.JPG'),
(5, 2400325, 'Zulfian Rais Almanshur', 2, 'img/5.JPG'),
(6, 2408159, 'Daffa Naufal Mu\'ammar', 2, 'img/6.JPG'),
(7, 2404286, 'Daffa Dhiyaa Chandra', 2, 'img/7.JPG'),
(8, 2405534, 'Fakhri Rizkiana Sya\'ban Kusnendar', 2, 'img/8.JPG'),
(9, 2403310, 'Muhammad Attala Rafikasya', 3, 'img/9.JPG'),
(10, 2408515, 'Nur Abdillah Ifhamuddin', 3, 'img/10.JPG'),
(11, 2411481, 'Muhammad Fittra Novria Rizki', 3, 'img/11.JPG'),
(12, 2407792, 'Mahendra Devid Putra Anwar', 3, 'img/12.JPG'),
(13, 2408622, 'Iqbal Rizky Maulana', 4, 'img/13.JPG'),
(14, 2405170, 'Mochammad Azka Basria', 4, 'img/14.JPG'),
(15, 2408647, 'Muhammad Maulana Adrian', 4, 'img/15.JPG'),
(16, 2403995, 'Zharfan Faza Wibawa', 4, 'img/16.JPG'),
(17, 2405073, 'Bintang Fajar Putra Pamungkas', 5, 'img/17.JPG'),
(18, 2404913, 'Dzaka Musyaffa Hidayat', 5, 'img/18.JPG'),
(19, 2400297, 'Muhammad Rangga Nur Praditha', 5, 'img/19.JPG'),
(20, 2404420, 'Imam Azizun Hakim', 5, 'img/20.JPG'),
(21, 2403245, 'Rizka Aulia', 6, 'img/21.JPG'),
(22, 2408352, 'Naura Nur Faizah', 6, 'img/22.JPG'),
(23, 2408095, 'Nadzalla Diva Asmara Sutedja', 6, 'img/23.JPG'),
(24, 2408495, 'Selika Kanajmi', 6, 'img/24.JPG'),
(25, 2404336, 'Nadhif Arva Anargya', 7, 'img/25.JPG'),
(26, 2404421, 'Muhammad Rizkiana Pratama', 7, 'img/26.JPG'),
(27, 2408156, 'Shidqi Rasyad Firjatulah', 7, 'img/27.JPG'),
(28, 2400382, 'Muhiban Fadlan Nursaid', 7, 'img/28.JPG'),
(29, 2400456, 'Vivi Agustina Suryana', 8, 'img/29.JPG'),
(30, 2400336, 'Hawa Dwiafina Azahra', 8, 'img/30.JPG'),
(31, 2407716, 'Dhiya Ulhaq', 8, 'img/31.JPG'),
(32, 2400598, 'Umarex Shauma Andromeda', 8, 'img/32.JPG'),
(33, 2400353, 'Muhammad Alan Andika', 9, 'img/33.JPG'),
(34, 2407846, 'Dicka Fachrunaldo Kartamiharja', 9, 'img/34.JPG'),
(35, 2408614, 'Gherry Alviart', 9, 'img/35.JPG'),
(36, 2400285, 'Zufar Ahmad Maulidy', 9, 'img/36.JPG'),
(37, 2410896, 'Yassar Muwaffaq', 10, 'img/37.JPG'),
(38, 2402567, 'Niha April', 10, 'img/38.JPG'),
(39, 2410957, 'Athar Ghaisan Herman', 10, 'img/39.JPG'),
(40, 2410024, 'Farah Maulida', 10, 'img/40.JPG'),
(41, 2405787, 'Naufal Zahid', 11, 'img/41.JPG'),
(42, 2415429, 'Zahran Zaidan Saputra', 11, 'img/42.JPG'),
(43, 2402499, 'Repa Pitriani', 11, 'img/43.JPG'),
(44, 2409082, 'Ervina Kusnanda', 11, 'img/44.JPG'),
(45, 2410647, 'Mohammad Raffi Setiawan Putra', 12, 'img/45.JPG'),
(46, 2410946, 'Naufal Rizki Rabbani', 12, 'img/46.JPG'),
(47, 2409829, 'Rafi Ahmad Al Farisi', 12, 'img/47.JPG'),
(48, 2410975, 'Putri Ramadhani', 12, 'img/48.JPG'),
(49, 2409119, 'M. Raffa Mizanul Insan', 13, 'img/49.JPG'),
(50, 2401626, 'Firda Ridzki Utami', 13, 'img/50.JPG'),
(51, 2409682, 'Ajipati Alaga Putra', 13, 'img/51.JPG'),
(52, 2401539, 'Muhammad Adwar Salman', 13, 'img/52.JPG'),
(53, 2410393, 'Najmi Alifah Hilmiya', 14, 'img/53.JPG'),
(54, 2408678, 'Rafi Subqhi Nuraziz', 14, 'img/54.JPG'),
(55, 2403086, 'Shakila Aulia Nurrul Rohman', 14, 'img/55.JPG'),
(56, 2406279, 'Nurul Atiqah', 14, 'img/56.JPG'),
(57, 2405916, 'Raffie Arsy Ananda', 15, 'img/57.JPG'),
(58, 2401248, 'Rifky Fadhillah Akbar', 15, 'img/58.JPG'),
(59, 2407142, 'Mohammad Mudrik Mujayyin', 15, 'img/59.JPG'),
(60, 2405547, 'Harri Supriadi', 15, 'img/60.JPG'),
(61, 2407915, 'Nafis Asyakir Anjar', 16, 'img/61.JPG'),
(62, 2407087, 'Maula Mirza Ananda', 16, 'img/62.JPG'),
(63, 2410093, 'Nisrina Safinatunnajah', 16, 'img/63.JPG'),
(64, 2409936, 'Fauzia Rahma Nisa', 16, 'img/64.JPG'),
(65, 2406010, 'Muhammad \'Azmi Salam', 17, 'img/65.JPG'),
(66, 2405981, 'Rifa Muhammad Danindra', 17, 'img/66.JPG'),
(67, 2410865, 'Anas Miftakhul Falah', 17, 'img/67.JPG'),
(68, 2400742, 'Julia Rahmawati', 17, 'img/68.JPG');

-- --------------------------------------------------------

--
-- Table structure for table `satuan`
--

CREATE TABLE `satuan` (
  `id` int(11) NOT NULL,
  `nama_satuan` varchar(50) DEFAULT NULL
) ENGINE=InnoDB DEFAULT CHARSET=utf8mb4 COLLATE=utf8mb4_general_ci;

--
-- Dumping data for table `satuan`
--

INSERT INTO `satuan` (`id`, `nama_satuan`) VALUES
(1, 'Gram'),
(2, 'Buah'),
(3, 'mL'),
(4, 'Lembar'),
(5, 'Kantong');

--
-- Indexes for dumped tables
--

--
-- Indexes for table `detail_laporan`
--
ALTER TABLE `detail_laporan`
  ADD PRIMARY KEY (`id`),
  ADD KEY `laporan_id` (`laporan_id`),
  ADD KEY `jenis_id` (`jenis_id`),
  ADD KEY `satuan_id` (`satuan_id`);

--
-- Indexes for table `email`
--
ALTER TABLE `email`
  ADD PRIMARY KEY (`id`),
  ADD KEY `mahasiswa_id` (`mahasiswa_id`);

--
-- Indexes for table `jenis`
--
ALTER TABLE `jenis`
  ADD PRIMARY KEY (`id`),
  ADD KEY `kategori_id` (`kategori_id`);

--
-- Indexes for table `kategori`
--
ALTER TABLE `kategori`
  ADD PRIMARY KEY (`id`);

--
-- Indexes for table `kelas`
--
ALTER TABLE `kelas`
  ADD PRIMARY KEY (`id`);

--
-- Indexes for table `kelompok`
--
ALTER TABLE `kelompok`
  ADD PRIMARY KEY (`id`),
  ADD KEY `fk_kelas_id` (`kelas_id`);

--
-- Indexes for table `laporan_sampah`
--
ALTER TABLE `laporan_sampah`
  ADD PRIMARY KEY (`id`),
  ADD KEY `email_id` (`email_id`),
  ADD KEY `lokasi_id` (`lokasi_id`);

--
-- Indexes for table `lokasi_sampah`
--
ALTER TABLE `lokasi_sampah`
  ADD PRIMARY KEY (`id`);

--
-- Indexes for table `mahasiswa`
--
ALTER TABLE `mahasiswa`
  ADD PRIMARY KEY (`id`),
  ADD KEY `kelompok_id` (`kelompok_id`);

--
-- Indexes for table `satuan`
--
ALTER TABLE `satuan`
  ADD PRIMARY KEY (`id`);

--
-- AUTO_INCREMENT for dumped tables
--

--
-- AUTO_INCREMENT for table `detail_laporan`
--
ALTER TABLE `detail_laporan`
  MODIFY `id` int(11) NOT NULL AUTO_INCREMENT, AUTO_INCREMENT=1238;

--
-- AUTO_INCREMENT for table `email`
--
ALTER TABLE `email`
  MODIFY `id` int(11) NOT NULL AUTO_INCREMENT, AUTO_INCREMENT=68;

--
-- AUTO_INCREMENT for table `jenis`
--
ALTER TABLE `jenis`
  MODIFY `id` int(11) NOT NULL AUTO_INCREMENT, AUTO_INCREMENT=22;

--
-- AUTO_INCREMENT for table `kategori`
--
ALTER TABLE `kategori`
  MODIFY `id` int(11) NOT NULL AUTO_INCREMENT, AUTO_INCREMENT=4;

--
-- AUTO_INCREMENT for table `kelompok`
--
ALTER TABLE `kelompok`
  MODIFY `id` int(11) NOT NULL AUTO_INCREMENT, AUTO_INCREMENT=18;

--
-- AUTO_INCREMENT for table `laporan_sampah`
--
ALTER TABLE `laporan_sampah`
  MODIFY `id` int(11) NOT NULL AUTO_INCREMENT, AUTO_INCREMENT=1014;

--
-- AUTO_INCREMENT for table `lokasi_sampah`
--
ALTER TABLE `lokasi_sampah`
  MODIFY `id` int(11) NOT NULL AUTO_INCREMENT, AUTO_INCREMENT=7;

--
-- AUTO_INCREMENT for table `mahasiswa`
--
ALTER TABLE `mahasiswa`
  MODIFY `id` int(11) NOT NULL AUTO_INCREMENT, AUTO_INCREMENT=69;

--
-- AUTO_INCREMENT for table `satuan`
--
ALTER TABLE `satuan`
  MODIFY `id` int(11) NOT NULL AUTO_INCREMENT, AUTO_INCREMENT=11;

--
-- Constraints for dumped tables
--

--
-- Constraints for table `detail_laporan`
--
ALTER TABLE `detail_laporan`
  ADD CONSTRAINT `detail_laporan_ibfk_1` FOREIGN KEY (`laporan_id`) REFERENCES `laporan_sampah` (`id`),
  ADD CONSTRAINT `detail_laporan_ibfk_2` FOREIGN KEY (`jenis_id`) REFERENCES `jenis` (`id`),
  ADD CONSTRAINT `detail_laporan_ibfk_3` FOREIGN KEY (`satuan_id`) REFERENCES `satuan` (`id`);

--
-- Constraints for table `email`
--
ALTER TABLE `email`
  ADD CONSTRAINT `email_ibfk_1` FOREIGN KEY (`mahasiswa_id`) REFERENCES `mahasiswa` (`id`);

--
-- Constraints for table `jenis`
--
ALTER TABLE `jenis`
  ADD CONSTRAINT `jenis_ibfk_1` FOREIGN KEY (`kategori_id`) REFERENCES `kategori` (`id`);

--
-- Constraints for table `kelompok`
--
ALTER TABLE `kelompok`
  ADD CONSTRAINT `fk_kelas_id` FOREIGN KEY (`kelas_id`) REFERENCES `kelas` (`id`) ON DELETE SET NULL ON UPDATE CASCADE;

--
-- Constraints for table `laporan_sampah`
--
ALTER TABLE `laporan_sampah`
  ADD CONSTRAINT `laporan_sampah_ibfk_1` FOREIGN KEY (`email_id`) REFERENCES `email` (`id`),
  ADD CONSTRAINT `laporan_sampah_ibfk_2` FOREIGN KEY (`lokasi_id`) REFERENCES `lokasi_sampah` (`id`);

--
-- Constraints for table `mahasiswa`
--
ALTER TABLE `mahasiswa`
  ADD CONSTRAINT `mahasiswa_ibfk_1` FOREIGN KEY (`kelompok_id`) REFERENCES `kelompok` (`id`);
COMMIT;

/*!40101 SET CHARACTER_SET_CLIENT=@OLD_CHARACTER_SET_CLIENT */;
/*!40101 SET CHARACTER_SET_RESULTS=@OLD_CHARACTER_SET_RESULTS */;
/*!40101 SET COLLATION_CONNECTION=@OLD_COLLATION_CONNECTION */;
